split,split_label,format,count,mean_nll,median_nll,q95_nll,above_global_calibration_q95_rate,global_calibration_q95
1_Threshold_Cal,Calibration,mcq,1364,0.29344782404900677,0.12578416615724564,1.128563457727432,0.0,2.9999819517135586
1_Threshold_Cal,Calibration,open_short,1079,1.387945089005866,0.9509990215301514,4.115397310256954,0.11584800741427248,2.9999819517135586
1_Threshold_Cal,Calibration,caption,1072,2.193757793073779,2.151836633682251,2.9804009437561025,0.04757462686567164,2.9999819517135586
2_Stream_Sim_NoDrift,No drift,mcq,1643,0.3014580693533596,0.11533337831497192,1.1448047757148743,0.0006086427267194157,2.9999819517135586
2_Stream_Sim_NoDrift,No drift,open_short,939,1.3822254139773302,0.9174489378929138,4.0816255569458,0.13738019169329074,2.9999819517135586
2_Stream_Sim_NoDrift,No drift,caption,1082,2.2003549664055795,2.1528520584106445,2.971197485923767,0.04713493530499076,2.9999819517135586
2_Stream_Sim_Drift,Natural drift,mcq,2929,0.8049620724005415,0.7657436728477478,1.7285026550292963,0.002389894161829976,2.9999819517135586
2_Stream_Sim_Drift,Natural drift,yes_no,3538,0.4742858677496002,0.399967685341835,1.0093045592308043,0.0,2.9999819517135586
2_Stream_Sim_Drift,Natural drift,long_report,1179,1.9271765043413973,1.9262354373931885,2.2441974878311157,0.0,2.9999819517135586
