method,load,start_s,end_s,sada_percent,noretrain_percent,samples_per_group
fixed,0.25,0.0,25.998335330933333,52.000000000000014,50.000000000000014,10
fixed,0.25,25.998335330933333,51.996670661866666,44.00000000000001,46.00000000000001,10
fixed,0.25,51.996670661866666,77.9950059928,52.0,50.0,10
fixed,0.25,77.9950059928,103.99334132373333,28.000000000000004,28.000000000000004,10
fixed,0.25,103.99334132373333,129.99167665466666,55.99999999999999,50.0,10
fixed,0.25,129.99167665466666,155.9900119856,37.333333333333336,42.00000000000001,10
fixed,0.25,155.9900119856,181.98834731653332,29.333333333333332,28.000000000000004,10
fixed,0.25,181.98834731653332,207.98668264746667,64.66666666666667,52.0,10
fixed,0.25,207.98668264746667,233.9850179784,66.66666666666666,42.00000000000001,10
fixed,0.25,233.9850179784,259.9833533093333,52.666666666666664,36.0,10
fixed,0.25,259.9833533093333,285.98168864026667,54.666666666666664,38.0,10
sada,0.25,0.0,25.998335330933333,52.000000000000014,50.000000000000014,10
sada,0.25,25.998335330933333,51.996670661866666,44.00000000000001,46.00000000000001,10
sada,0.25,51.996670661866666,77.9950059928,52.0,50.0,10
sada,0.25,77.9950059928,103.99334132373333,28.000000000000004,28.000000000000004,10
sada,0.25,103.99334132373333,129.99167665466666,55.99999999999999,50.0,10
sada,0.25,129.99167665466666,155.9900119856,37.333333333333336,42.00000000000001,10
sada,0.25,155.9900119856,181.98834731653332,29.333333333333332,28.000000000000004,10
sada,0.25,181.98834731653332,207.98668264746667,64.66666666666667,52.0,10
sada,0.25,207.98668264746667,233.9850179784,66.66666666666666,42.00000000000001,10
sada,0.25,233.9850179784,259.9833533093333,52.666666666666664,36.0,10
sada,0.25,259.9833533093333,285.98168864026667,54.666666666666664,38.0,10
sada,0.5,0.0,12.999167665466667,52.000000000000014,50.000000000000014,10
sada,0.5,12.999167665466667,25.998335330933333,44.00000000000001,46.00000000000001,10
sada,0.5,25.998335330933333,38.9975029964,52.0,50.0,10
sada,0.5,38.9975029964,51.996670661866666,26.0,28.000000000000004,10
sada,0.5,51.996670661866666,64.99583832733333,50.0,50.0,10
sada,0.5,64.99583832733333,77.9950059928,42.00000000000001,42.00000000000001,10
sada,0.5,77.9950059928,90.99417365826666,30.000000000000004,28.000000000000004,10
sada,0.5,90.99417365826666,103.99334132373333,52.0,52.0,10
sada,0.5,103.99334132373333,116.9925089892,42.00000000000001,42.00000000000001,10
sada,0.5,116.9925089892,129.99167665466666,38.0,36.0,10
sada,0.5,129.99167665466666,142.99084432013333,40.0,38.0,10
