model_family,method,load_factor_vs_noretrain_throughput,actual_long_mean,actual_long_std,seed_count,upstream_wait_s
qwen25,NoRetrain,0.25,0.42,0.0,3,3.0
qwen25,NoRetrain,0.5,0.42,0.0,3,3.0
qwen25,NoRetrain,0.75,0.42,0.0,3,3.0
qwen25,NoRetrain,1.0,0.42,0.0,3,3.0
qwen25,NoRetrain,1.25,0.336,0.0,3,3.0
qwen25,NoRetrain,1.5,0.28000014,0.0,3,3.0
qwen25,NoRetrain,2.0,0.21,0.0,3,3.0
qwen25,NoRetrain,3.0,0.13999986,0.0,3,3.0
qwen25,NoRetrain,4.0,0.105,0.0,3,3.0
qwen25,PeriodicFixedRetrain,0.25,0.42,0.0,3,3.0
qwen25,PeriodicFixedRetrain,0.5,0.42,0.0,3,3.0
qwen25,PeriodicFixedRetrain,0.75,0.2866668,0.0,3,3.0
qwen25,PeriodicFixedRetrain,1.0,0.22181818181818183,0.0,3,3.0
qwen25,PeriodicFixedRetrain,1.25,0.1789090909090909,0.0,3,3.0
qwen25,PeriodicFixedRetrain,1.5,0.15090897272727274,0.0,3,3.0
qwen25,PeriodicFixedRetrain,2.0,0.11636363636363636,0.0,3,3.0
qwen25,PeriodicFixedRetrain,3.0,0.0803031290909091,0.0,3,3.0
qwen25,PeriodicFixedRetrain,4.0,0.06295454545454546,0.0,3,3.0
qwen25,StaticSplitContinuous,0.25,0.42,0.0,3,3.0
qwen25,StaticSplitContinuous,0.5,0.42,0.0,3,3.0
qwen25,StaticSplitContinuous,0.75,0.2866668,0.0,3,3.0
qwen25,StaticSplitContinuous,1.0,0.22181818181818183,0.0,3,3.0
qwen25,StaticSplitContinuous,1.25,0.1789090909090909,0.0,3,3.0
qwen25,StaticSplitContinuous,1.5,0.15090897272727274,0.0,3,3.0
qwen25,StaticSplitContinuous,2.0,0.11636363636363636,0.0,3,3.0
qwen25,StaticSplitContinuous,3.0,0.0803031290909091,0.0,3,3.0
qwen25,StaticSplitContinuous,4.0,0.06295454545454546,0.0,3,3.0
qwen25,EWC,0.25,0.42,0.0,3,3.0
qwen25,EWC,0.5,0.42,0.0,3,3.0
qwen25,EWC,0.75,0.2866668,0.0,3,3.0
qwen25,EWC,1.0,0.22181818181818183,0.0,3,3.0
qwen25,EWC,1.25,0.1789090909090909,0.0,3,3.0
qwen25,EWC,1.5,0.15090897272727274,0.0,3,3.0
qwen25,EWC,2.0,0.11636363636363636,0.0,3,3.0
qwen25,EWC,3.0,0.0803031290909091,0.0,3,3.0
qwen25,EWC,4.0,0.06295454545454546,0.0,3,3.0
qwen25,Ours,0.25,0.48848484848484847,0.0045756572334974275,3,3.0
qwen25,Ours,0.5,0.4254545454545454,0.0,3,3.0
qwen25,Ours,0.75,0.42000000000000004,0.0,3,3.0
qwen25,Ours,1.0,0.42000000000000004,0.0,3,3.0
qwen25,Ours,1.25,0.42000000000000004,0.0,3,3.0
qwen25,Ours,1.5,0.42000000000000004,0.0,3,3.0
qwen25,Ours,2.0,0.38550698812016726,0.0,3,3.0
qwen25,Ours,3.0,0.39387080072107905,0.0,3,3.0
qwen25,Ours,4.0,0.2954031005408092,0.0,3,3.0
qwen35,NoRetrain,0.25,0.42528735632183906,0.0,3,3.0
qwen35,NoRetrain,0.5,0.42528735632183906,0.0,3,3.0
qwen35,NoRetrain,0.75,0.42528735632183906,0.0,3,3.0
qwen35,NoRetrain,1.0,0.42528735632183906,0.0,3,3.0
qwen35,NoRetrain,1.25,0.34022988505747126,0.0,3,3.0
qwen35,NoRetrain,1.5,0.2835250459770115,0.0,3,3.0
qwen35,NoRetrain,2.0,0.21264367816091953,0.0,3,3.0
qwen35,NoRetrain,3.0,0.14176231034482759,0.0,3,3.0
qwen35,NoRetrain,4.0,0.10632183908045977,0.0,3,3.0
qwen35,PeriodicFixedRetrain,0.25,0.42528735632183906,0.0,3,3.0
qwen35,PeriodicFixedRetrain,0.5,0.42528735632183906,0.0,3,3.0
qwen35,PeriodicFixedRetrain,0.75,0.32183918390804594,0.0,3,3.0
qwen35,PeriodicFixedRetrain,1.0,0.29310344827586204,0.0,3,3.0
qwen35,PeriodicFixedRetrain,1.25,0.24827586206896554,0.0,3,3.0
qwen35,PeriodicFixedRetrain,1.5,0.21455939080459774,0.0,3,3.0
qwen35,PeriodicFixedRetrain,2.0,0.1752873563218391,0.0,3,3.0
qwen35,PeriodicFixedRetrain,3.0,0.1264367011494253,0.0,3,3.0
qwen35,PeriodicFixedRetrain,4.0,0.10057471264367816,0.0,3,3.0
qwen35,StaticSplitContinuous,0.25,0.42528735632183906,0.0,3,3.0
qwen35,StaticSplitContinuous,0.5,0.42528735632183906,0.0,3,3.0
qwen35,StaticSplitContinuous,0.75,0.32183918390804594,0.0,3,3.0
qwen35,StaticSplitContinuous,1.0,0.29310344827586204,0.0,3,3.0
qwen35,StaticSplitContinuous,1.25,0.24827586206896554,0.0,3,3.0
qwen35,StaticSplitContinuous,1.5,0.21455939080459774,0.0,3,3.0
qwen35,StaticSplitContinuous,2.0,0.1752873563218391,0.0,3,3.0
qwen35,StaticSplitContinuous,3.0,0.1264367011494253,0.0,3,3.0
qwen35,StaticSplitContinuous,4.0,0.10057471264367816,0.0,3,3.0
qwen35,EWC,0.25,0.42528735632183906,0.0,3,3.0
qwen35,EWC,0.5,0.42528735632183906,0.0,3,3.0
qwen35,EWC,0.75,0.32183918390804594,0.0,3,3.0
qwen35,EWC,1.0,0.29310344827586204,0.0,3,3.0
qwen35,EWC,1.25,0.24827586206896554,0.0,3,3.0
qwen35,EWC,1.5,0.21455939080459774,0.0,3,3.0
qwen35,EWC,2.0,0.1752873563218391,0.0,3,3.0
qwen35,EWC,3.0,0.1264367011494253,0.0,3,3.0
qwen35,EWC,4.0,0.10057471264367816,0.0,3,3.0
qwen35,Ours,0.25,0.47126436781609193,0.0,3,3.0
qwen35,Ours,0.5,0.47126436781609193,0.0,3,3.0
qwen35,Ours,0.75,0.47126436781609193,0.0,3,3.0
qwen35,Ours,1.0,0.47126436781609193,0.0,3,3.0
qwen35,Ours,1.25,0.39964018390804595,0.0,3,3.0
qwen35,Ours,1.5,0.3314620804597701,0.0,3,3.0
qwen35,Ours,2.0,0.23931365517241382,0.0,3,3.0
qwen35,Ours,3.0,0.14912948275862067,0.0,3,3.0
qwen35,Ours,4.0,0.1138368275862069,0.0,3,3.0
remoteclip,NoRetrain,0.25,0.19607843137254902,0.0,3,0.5
remoteclip,NoRetrain,0.5,0.19607843137254902,0.0,3,0.5
remoteclip,NoRetrain,0.75,0.19607843137254902,0.0,3,0.5
remoteclip,NoRetrain,1.0,0.19607843137254902,0.0,3,0.5
remoteclip,NoRetrain,1.25,0.1568627450980392,0.0,3,0.5
remoteclip,NoRetrain,1.5,0.13071901960784313,0.0,3,0.5
remoteclip,NoRetrain,2.0,0.09803921568627451,0.0,3,0.5
remoteclip,NoRetrain,3.0,0.06535941176470589,0.0,3,0.5
remoteclip,NoRetrain,4.0,0.049019607843137254,0.0,3,0.5
remoteclip,PeriodicFixedRetrain,0.25,0.5751633986928105,0.02264118702704413,3,0.5
remoteclip,PeriodicFixedRetrain,0.5,0.5686274509803921,0.019607843137254888,3,0.5
remoteclip,PeriodicFixedRetrain,0.75,0.37037055555555554,0.007547066115879234,3,0.5
remoteclip,PeriodicFixedRetrain,1.0,0.27450980392156865,0.0,3,0.5
remoteclip,PeriodicFixedRetrain,1.25,0.20653594771241832,0.0045282374054088454,3,0.5
remoteclip,PeriodicFixedRetrain,1.5,0.1699344705882353,0.0,3,0.5
remoteclip,PeriodicFixedRetrain,2.0,0.1241830065359477,0.0028301483783805164,3,0.5
remoteclip,PeriodicFixedRetrain,3.0,0.08061016339869281,0.0018867693591181935,3,0.5
remoteclip,PeriodicFixedRetrain,4.0,0.05800653594771242,0.0014150741891902582,3,0.5
remoteclip,StaticSplitContinuous,0.25,0.5751633986928105,0.02264118702704413,3,0.5
remoteclip,StaticSplitContinuous,0.5,0.5686274509803921,0.019607843137254888,3,0.5
remoteclip,StaticSplitContinuous,0.75,0.37037055555555554,0.007547066115879234,3,0.5
remoteclip,StaticSplitContinuous,1.0,0.27450980392156865,0.0,3,0.5
remoteclip,StaticSplitContinuous,1.25,0.20653594771241832,0.0045282374054088454,3,0.5
remoteclip,StaticSplitContinuous,1.5,0.1699344705882353,0.0,3,0.5
remoteclip,StaticSplitContinuous,2.0,0.1241830065359477,0.0028301483783805164,3,0.5
remoteclip,StaticSplitContinuous,3.0,0.08061016339869281,0.0018867693591181935,3,0.5
remoteclip,StaticSplitContinuous,4.0,0.05800653594771242,0.0014150741891902582,3,0.5
remoteclip,EWC,0.25,0.6666666666666666,0.03921568627450983,3,0.5
remoteclip,EWC,0.5,0.6535947712418301,0.029951475130430328,3,0.5
remoteclip,EWC,0.75,0.42265816339869283,0.019967660070778607,3,0.5
remoteclip,EWC,1.0,0.30392156862745096,0.019607843137254916,3,0.5
remoteclip,EWC,1.25,0.23529411764705882,0.015686274509803907,3,0.5
remoteclip,EWC,1.5,0.18954229411764706,0.013071882352941183,3,0.5
remoteclip,EWC,2.0,0.13562091503267973,0.0074878687826075855,3,0.5
remoteclip,EWC,3.0,0.0849674705882353,0.0065359607843137255,3,0.5
remoteclip,EWC,4.0,0.05800653594771242,0.0028301483783805164,3,0.5
remoteclip,Ours,0.25,0.6143790849673203,0.029951475130430342,3,0.5
remoteclip,Ours,0.5,0.6143790849673203,0.029951475130430342,3,0.5
remoteclip,Ours,0.75,0.5371956666666666,0.03872221867205179,3,0.5
remoteclip,Ours,1.0,0.4300653594771242,0.003169766183786214,3,0.5
remoteclip,Ours,1.25,0.32355555555555554,0.006229906827129486,3,0.5
remoteclip,Ours,1.5,0.26623099346405227,0.0019623343208209445,3,0.5
remoteclip,Ours,2.0,0.19454248366013072,0.0039047843431324015,3,0.5
remoteclip,Ours,3.0,0.12259253594771241,0.0034598804996738733,3,0.5
remoteclip,Ours,4.0,0.08532679738562092,0.0025383133632851506,3,0.5
resnet18,NoRetrain,0.25,0.27450980392156865,0.0,3,0.5
resnet18,NoRetrain,0.5,0.27450980392156865,0.0,3,0.5
resnet18,NoRetrain,0.75,0.27450980392156865,0.0,3,0.5
resnet18,NoRetrain,1.0,0.27450980392156865,0.0,3,0.5
resnet18,NoRetrain,1.25,0.21960784313725493,0.0,3,0.5
resnet18,NoRetrain,1.5,0.18300662745098037,0.0,3,0.5
resnet18,NoRetrain,2.0,0.13725490196078433,0.0,3,0.5
resnet18,NoRetrain,3.0,0.09150317647058823,0.0,3,0.5
resnet18,NoRetrain,4.0,0.06862745098039216,0.0,3,0.5
resnet18,PeriodicFixedRetrain,0.25,0.27450980392156865,0.0,3,0.5
resnet18,PeriodicFixedRetrain,0.5,0.27450980392156865,0.0,3,0.5
resnet18,PeriodicFixedRetrain,0.75,0.189542568627451,0.0,3,0.5
resnet18,PeriodicFixedRetrain,1.0,0.14705882352941177,0.0,3,0.5
resnet18,PeriodicFixedRetrain,1.25,0.11764705882352941,0.0,3,0.5
resnet18,PeriodicFixedRetrain,1.5,0.09803913725490197,0.0,3,0.5
resnet18,PeriodicFixedRetrain,2.0,0.0784313725490196,0.0,3,0.5
resnet18,PeriodicFixedRetrain,3.0,0.055555607843137254,0.0,3,0.5
resnet18,PeriodicFixedRetrain,4.0,0.04656862745098039,0.0,3,0.5
resnet18,StaticSplitContinuous,0.25,0.5032679738562091,0.08163396076337776,3,0.5
resnet18,StaticSplitContinuous,0.5,0.5032679738562091,0.08163396076337776,3,0.5
resnet18,StaticSplitContinuous,0.75,0.3507626928104575,0.04948942209372066,3,0.5
resnet18,StaticSplitContinuous,1.0,0.2581699346405229,0.03711704801176649,3,0.5
resnet18,StaticSplitContinuous,1.25,0.1908496732026144,0.029693638409413217,3,0.5
resnet18,StaticSplitContinuous,1.5,0.15468396078431373,0.027211293043139004,3,0.5
resnet18,StaticSplitContinuous,2.0,0.12091503267973856,0.017215120511197293,3,0.5
resnet18,StaticSplitContinuous,3.0,0.07734214379084968,0.011476769960958871,3,0.5
resnet18,StaticSplitContinuous,4.0,0.06127450980392157,0.00735294117647059,3,0.5
resnet18,EWC,0.25,0.5098039215686274,0.03396178054056623,3,0.5
resnet18,EWC,0.5,0.5098039215686274,0.03396178054056623,3,0.5
resnet18,EWC,0.75,0.3507626928104575,0.027211333860119355,3,0.5
resnet18,EWC,1.0,0.2581699346405229,0.02040849019084445,3,0.5
resnet18,EWC,1.25,0.19084967320261442,0.016326792152675563,3,0.5
resnet18,EWC,1.5,0.15686260784313724,0.01307188235294117,3,0.5
resnet18,EWC,2.0,0.12091503267973856,0.01020424509542222,3,0.5
resnet18,EWC,3.0,0.07734214379084968,0.003773538718236371,3,0.5
resnet18,EWC,4.0,0.0661764705882353,0.004901960784313725,3,0.5
resnet18,Ours,0.25,0.4901960784313726,0.051877476687541016,3,0.5
resnet18,Ours,0.5,0.5163398692810458,0.05660296756761039,3,0.5
resnet18,Ours,0.75,0.5423537581699347,0.030164167026431134,3,0.5
resnet18,Ours,1.0,0.41857695424836605,0.030257672108230695,3,0.5
resnet18,Ours,1.25,0.31323851633986927,0.018060208860452617,3,0.5
resnet18,Ours,1.5,0.25744478431372547,0.01240887952881755,3,0.5
resnet18,Ours,2.0,0.19157706535947713,0.015159039831676383,3,0.5
resnet18,Ours,3.0,0.11614053594771241,0.009118229784421544,3,0.5
resnet18,Ours,4.0,0.08711666666666666,0.009181581991476487,3,0.5
