method,load,mean,std,groups,adapter_active
NoRetrain,0.25,0.42,0.0,15,0
NoRetrain,0.5,0.42,0.0,15,0
NoRetrain,0.75,0.42,0.0,15,0
NoRetrain,1,0.42,0.0,15,0
NoRetrain,1.25,0.336,0.0,15,0
NoRetrain,1.5,0.28000014,0.0,15,0
NoRetrain,2,0.21,0.0,15,0
NoRetrain,3,0.13999986,0.0,15,0
NoRetrain,4,0.105,0.0,15,0
PeriodicFixedRetrain,0.25,0.42,0.0,15,0
PeriodicFixedRetrain,0.5,0.42,0.0,15,0
PeriodicFixedRetrain,0.75,0.2866668,0.0,15,0
PeriodicFixedRetrain,1,0.22181818181818183,0.0,15,0
PeriodicFixedRetrain,1.25,0.1789090909090909,0.0,15,0
PeriodicFixedRetrain,1.5,0.15090897272727274,0.0,15,0
PeriodicFixedRetrain,2,0.11636363636363636,0.0,15,0
PeriodicFixedRetrain,3,0.0803031290909091,0.0,15,0
PeriodicFixedRetrain,4,0.06295454545454546,0.0,15,0
StaticSplitContinuous,0.25,0.42,0.0,15,0
StaticSplitContinuous,0.5,0.42,0.0,15,0
StaticSplitContinuous,0.75,0.2866668,0.0,15,0
StaticSplitContinuous,1,0.22181818181818183,0.0,15,0
StaticSplitContinuous,1.25,0.1789090909090909,0.0,15,0
StaticSplitContinuous,1.5,0.15090897272727274,0.0,15,0
StaticSplitContinuous,2,0.11636363636363636,0.0,15,0
StaticSplitContinuous,3,0.0803031290909091,0.0,15,0
StaticSplitContinuous,4,0.06295454545454546,0.0,15,0
EWC,0.25,0.42,0.0,15,0
EWC,0.5,0.42,0.0,15,0
EWC,0.75,0.2866668,0.0,15,0
EWC,1,0.22181818181818183,0.0,15,0
EWC,1.25,0.1789090909090909,0.0,15,0
EWC,1.5,0.15090897272727274,0.0,15,0
EWC,2,0.11636363636363636,0.0,15,0
EWC,3,0.0803031290909091,0.0,15,0
EWC,4,0.06295454545454546,0.0,15,0
