load,method,time_s,inference,retraining,idle
0.25,fixed,0.0,1.0,0.0,0.0
0.25,fixed,3.0,0.5,0.5,0.0
0.25,fixed,285.98168864026667,0.5,0.5,0.0
0.25,sada,0.0,0.9433607552026182,0.0,0.056639244797381805
0.25,sada,3.0,0.17460291446757828,0.7687578407350398,0.056639244797381916
0.25,sada,68.08360584158393,0.17460291446757828,0.7128309046103513,0.11256618092207049
0.25,sada,68.78177866084248,0.17460291446757828,0.6569039684856629,0.16849311704675884
0.25,sada,69.37517191579707,0.17460291446757828,0.6009770323609744,0.2244200531714473
0.25,sada,114.47663538669119,0.17460291446757828,0.545050096236286,0.2803469892961358
0.25,sada,119.60201300486771,0.17460291446757828,0.4891231601115974,0.33627392542082435
0.25,sada,122.61534930297886,0.17460291446757828,0.43319622398690893,0.3922008615455128
0.25,sada,144.74386666666666,0.17460291446757828,0.38319622398690895,0.4422008615455128
0.25,sada,149.44053333333332,0.17460291446757828,0.33319622398690896,0.4922008615455128
0.25,sada,150.08746666666667,0.17460291446757828,0.28319622398690897,0.5422008615455127
0.25,sada,188.1089888440389,0.17460291446757828,0.22655697918952716,0.5988401063428945
0.25,sada,189.10146912046963,0.17460291446757828,0.16991773439214536,0.6554793511402763
0.25,sada,193.26889756773082,0.17460291446757828,0.11327848959476358,0.7121185959376581
0.25,sada,196.24480824479417,0.17460291446757828,0.05663924479738179,0.7687578407350399
0.25,sada,197.90125688452494,0.17460291446757828,0.0,0.8253970855324217
0.25,sada,285.98168864026667,0.17460291446757828,0.0,0.8253970855324217
0.5,sada,0.0,0.5246029144675783,0.0,0.47539708553242166
0.5,sada,3.0,0.3890412977194473,0.13556161674813094,0.47539708553242177
0.5,sada,83.55215231232152,0.3890412977194473,0.09037441116542062,0.520584291115132
0.5,sada,84.41626121578527,0.3890412977194473,0.04518720558271031,0.5657714966978424
0.5,sada,85.1506873932554,0.3890412977194473,0.0,0.6109587022805527
0.5,sada,142.99084432013333,0.3890412977194473,0.0,0.6109587022805527
