seed,load,group,lambda_id,gamma_id,inference,residual,coverage,ready_s,ready_samples,delay_samples,horizon_s
42,0.25,v2_g0_A8_B1,final_fp32_res672_tok16_uniform_token_keep75_b1,qwen25vl3b_lora_r8_a16_profile80_target80,0.15041132803927312,0.8495886719607268,1.0,188.1089888440389,73,2,285.98168864026667
42,0.25,v2_g1_A9_B3,final_fp32_res672_tok16_uniform_token_keep75_b1,qwen25vl3b_lora_r16_a32_profile80_target80,0.15041132803927312,0.8495886719607268,1.0,196.24480824479417,76,2,285.98168864026667
42,0.25,v2_g2_A8_B4,final_fp4_res672_tok16_full_keep100_b1,qwen25vl3b_lora_r16_a32_profile80_target80,0.16109595812967265,0.8389040418703273,1.0,68.08360584158393,27,2,285.98168864026667
42,0.25,v2_g3_A9_B5,final_fp4_res672_tok16_full_keep100_b1,qwen25vl3b_lora_r16_a32_profile80_target80,0.16109595812967265,0.8389040418703273,1.0,114.47663538669119,45,2,285.98168864026667
42,0.25,v2_g5_A9_B7,final_fp32_res672_tok16_full_keep100_b1,qwen25vl3b_lora_r8_a16_profile80_target80,0.25,0.75,1.0,144.74386666666666,56,2,285.98168864026667
42,0.5,v2_g0_A8_B1,final_fp32_res672_tok16_uniform_token_keep75_b1,,0.30082265607854625,0.6991773439214537,1.0,,110,0,142.99084432013333
42,0.5,v2_g1_A9_B3,final_fp32_res672_tok16_full_keep100_b1,,0.5,0.5,1.0,,110,0,142.99084432013333
42,0.5,v2_g2_A8_B4,final_fp4_res672_tok16_full_keep100_b1,qwen25vl3b_lora_r16_a32_profile80_target80,0.3221919162593453,0.6778080837406547,1.0,83.55215231232152,65,3,142.99084432013333
42,0.5,v2_g3_A9_B5,final_fp4_res672_tok16_full_keep100_b1,,0.3221919162593453,0.6778080837406547,1.0,,110,0,142.99084432013333
42,0.5,v2_g5_A9_B7,final_fp32_res672_tok16_full_keep100_b1,,0.5,0.5,1.0,,110,0,142.99084432013333
42,0.75,v2_g0_A8_B1,final_fp32_res672_tok16_uniform_token_keep75_b1,,0.45123398411781934,0.5487660158821807,1.0,,110,0,95.32722954675556
42,0.75,v2_g1_A9_B3,final_fp32_res672_tok16_full_keep100_b1,,0.75,0.25,1.0,,110,0,95.32722954675556
42,0.75,v2_g2_A8_B4,final_fp4_res672_tok16_full_keep100_b1,,0.4832878743890179,0.5167121256109821,1.0,,110,0,95.32722954675556
42,0.75,v2_g3_A9_B5,final_fp4_res672_tok16_full_keep100_b1,,0.4832878743890179,0.5167121256109821,1.0,,110,0,95.32722954675556
42,0.75,v2_g5_A9_B7,final_fp32_res672_tok16_full_keep100_b1,,0.75,0.25,1.0,,110,0,95.32722954675556
42,1.0,v2_g0_A8_B1,final_fp32_res672_tok16_uniform_token_keep75_b1,,0.6016453121570925,0.3983546878429075,1.0,,110,0,71.49542216006667
42,1.0,v2_g1_A9_B3,final_fp32_res672_tok16_full_keep100_b1,,1.0,0.0,1.0,,110,0,71.49542216006667
42,1.0,v2_g2_A8_B4,final_fp4_res672_tok16_full_keep100_b1,,0.6443838325186906,0.3556161674813094,1.0,,110,0,71.49542216006667
42,1.0,v2_g3_A9_B5,final_fp4_res672_tok16_full_keep100_b1,,0.6443838325186906,0.3556161674813094,1.0,,110,0,71.49542216006667
42,1.0,v2_g5_A9_B7,final_fp32_res672_tok16_full_keep100_b1,,1.0,0.0,1.0,,110,0,71.49542216006667
42,1.25,v2_g0_A8_B1,final_fp32_res672_tok16_uniform_token_keep75_b1,,0.7520566401963655,0.24794335980363447,1.0,,110,0,57.19633772805334
42,1.25,v2_g1_A9_B3,final_fp32_res672_tok16_uniform_token_keep75_b1,,0.7520566401963655,0.24794335980363447,1.0,,110,0,57.19633772805334
42,1.25,v2_g2_A8_B4,final_fp4_res672_tok16_full_keep100_b1,,0.8054797906483632,0.19452020935163683,1.0,,110,0,57.19633772805334
42,1.25,v2_g3_A9_B5,final_fp4_res672_tok16_full_keep100_b1,,0.8054797906483632,0.19452020935163683,1.0,,110,0,57.19633772805334
42,1.25,v2_g5_A9_B7,final_fp4_res672_tok16_full_keep100_b1,,0.8054797906483632,0.19452020935163683,1.0,,110,0,57.19633772805334
42,1.5,v2_g0_A8_B1,final_fp32_res672_tok16_uniform_token_keep75_b1,,0.9024679682356387,0.09753203176436132,1.0,,110,0,47.66361477337778
42,1.5,v2_g1_A9_B3,final_fp32_res672_tok16_uniform_token_keep75_b1,,0.9024679682356387,0.09753203176436132,1.0,,110,0,47.66361477337778
42,1.5,v2_g2_A8_B4,final_fp4_res672_tok16_full_keep100_b1,,0.9665757487780358,0.03342425122196424,1.0,,110,0,47.66361477337778
42,1.5,v2_g3_A9_B5,final_fp4_res672_tok16_full_keep100_b1,,0.9665757487780358,0.03342425122196424,1.0,,110,0,47.66361477337778
42,1.5,v2_g5_A9_B7,final_fp4_res672_tok16_full_keep100_b1,,0.9665757487780358,0.03342425122196424,1.0,,110,0,47.66361477337778
42,2.0,v2_g0_A8_B1,final_fp32_res672_tok16_uniform_token_keep75_b1,,1.0,0.0,0.8310544267474448,,110,0,35.74771108003333
42,2.0,v2_g1_A9_B3,final_fp32_res672_tok16_uniform_token_keep75_b1,,1.0,0.0,0.8310544267474448,,110,0,35.74771108003333
42,2.0,v2_g2_A8_B4,final_fp32_res672_tok16_saliency_topk_keep50_b1,,0.6926077558200314,0.3073922441799686,1.0,,110,0,35.74771108003333
42,2.0,v2_g3_A9_B5,final_fp32_res672_tok16_saliency_topk_keep50_b1,,0.6926077558200314,0.3073922441799686,1.0,,110,0,35.74771108003333
42,2.0,v2_g5_A9_B7,final_fp4_res672_tok16_full_keep100_b1,,1.0,0.0,0.7759350479754585,,110,0,35.74771108003333
42,3.0,v2_g0_A8_B1,final_fp32_res672_tok16_saliency_topk_keep50_b1,,1.0,0.0,0.962545771491324,,110,0,23.83180738668889
42,3.0,v2_g1_A9_B3,final_fp32_res672_tok16_uniform_token_keep75_b1,,1.0,0.0,0.5540362844982966,,110,0,23.83180738668889
42,3.0,v2_g2_A8_B4,final_fp32_res672_tok16_saliency_topk_keep50_b1,,1.0,0.0,0.962545771491324,,110,0,23.83180738668889
42,3.0,v2_g3_A9_B5,final_fp32_res672_tok16_saliency_topk_keep50_b1,,1.0,0.0,0.962545771491324,,110,0,23.83180738668889
42,3.0,v2_g5_A9_B7,final_fp32_res672_tok16_saliency_topk_keep50_b1,,1.0,0.0,0.962545771491324,,110,0,23.83180738668889
42,4.0,v2_g0_A8_B1,final_fp32_res672_tok16_saliency_topk_keep50_b1,,1.0,0.0,0.721909328618493,,110,0,17.873855540016667
42,4.0,v2_g1_A9_B3,final_fp32_res672_tok16_uniform_token_keep75_b1,,1.0,0.0,0.4155272133737224,,110,0,17.873855540016667
42,4.0,v2_g2_A8_B4,final_fp32_res672_tok16_saliency_topk_keep50_b1,,1.0,0.0,0.721909328618493,,110,0,17.873855540016667
42,4.0,v2_g3_A9_B5,final_fp32_res672_tok16_saliency_topk_keep50_b1,,1.0,0.0,0.721909328618493,,110,0,17.873855540016667
42,4.0,v2_g5_A9_B7,final_fp32_res672_tok16_saliency_topk_keep50_b1,,1.0,0.0,0.721909328618493,,110,0,17.873855540016667
43,0.25,v2_g0_A8_B1,final_fp32_res672_tok16_uniform_token_keep75_b1,qwen25vl3b_lora_r32_a64_profile80_target80,0.15041132803927312,0.8495886719607268,1.0,189.10146912046963,73,2,285.98168864026667
43,0.25,v2_g1_A9_B3,final_fp32_res672_tok16_uniform_token_keep75_b1,qwen25vl3b_lora_r16_a32_profile80_target80,0.15041132803927312,0.8495886719607268,1.0,193.26889756773082,75,2,285.98168864026667
43,0.25,v2_g2_A8_B4,final_fp4_res672_tok16_full_keep100_b1,qwen25vl3b_lora_r16_a32_profile80_target80,0.16109595812967265,0.8389040418703273,1.0,68.78177866084248,27,2,285.98168864026667
43,0.25,v2_g3_A9_B5,final_fp4_res672_tok16_full_keep100_b1,qwen25vl3b_lora_r8_a16_profile80_target80,0.16109595812967265,0.8389040418703273,1.0,122.61534930297886,48,2,285.98168864026667
43,0.25,v2_g5_A9_B7,final_fp32_res672_tok16_full_keep100_b1,qwen25vl3b_lora_r32_a64_profile80_target80,0.25,0.75,1.0,149.44053333333332,58,2,285.98168864026667
43,0.5,v2_g0_A8_B1,final_fp32_res672_tok16_uniform_token_keep75_b1,,0.30082265607854625,0.6991773439214537,1.0,,110,0,142.99084432013333
43,0.5,v2_g1_A9_B3,final_fp32_res672_tok16_full_keep100_b1,,0.5,0.5,1.0,,110,0,142.99084432013333
43,0.5,v2_g2_A8_B4,final_fp4_res672_tok16_full_keep100_b1,qwen25vl3b_lora_r16_a32_profile80_target80,0.3221919162593453,0.6778080837406547,1.0,84.41626121578527,65,3,142.99084432013333
43,0.5,v2_g3_A9_B5,final_fp4_res672_tok16_full_keep100_b1,,0.3221919162593453,0.6778080837406547,1.0,,110,0,142.99084432013333
43,0.5,v2_g5_A9_B7,final_fp32_res672_tok16_full_keep100_b1,,0.5,0.5,1.0,,110,0,142.99084432013333
43,0.75,v2_g0_A8_B1,final_fp32_res672_tok16_uniform_token_keep75_b1,,0.45123398411781934,0.5487660158821807,1.0,,110,0,95.32722954675556
43,0.75,v2_g1_A9_B3,final_fp32_res672_tok16_full_keep100_b1,,0.75,0.25,1.0,,110,0,95.32722954675556
43,0.75,v2_g2_A8_B4,final_fp4_res672_tok16_full_keep100_b1,,0.4832878743890179,0.5167121256109821,1.0,,110,0,95.32722954675556
43,0.75,v2_g3_A9_B5,final_fp4_res672_tok16_full_keep100_b1,,0.4832878743890179,0.5167121256109821,1.0,,110,0,95.32722954675556
43,0.75,v2_g5_A9_B7,final_fp32_res672_tok16_full_keep100_b1,,0.75,0.25,1.0,,110,0,95.32722954675556
43,1.0,v2_g0_A8_B1,final_fp32_res672_tok16_uniform_token_keep75_b1,,0.6016453121570925,0.3983546878429075,1.0,,110,0,71.49542216006667
43,1.0,v2_g1_A9_B3,final_fp32_res672_tok16_full_keep100_b1,,1.0,0.0,1.0,,110,0,71.49542216006667
43,1.0,v2_g2_A8_B4,final_fp4_res672_tok16_full_keep100_b1,,0.6443838325186906,0.3556161674813094,1.0,,110,0,71.49542216006667
43,1.0,v2_g3_A9_B5,final_fp4_res672_tok16_full_keep100_b1,,0.6443838325186906,0.3556161674813094,1.0,,110,0,71.49542216006667
43,1.0,v2_g5_A9_B7,final_fp32_res672_tok16_full_keep100_b1,,1.0,0.0,1.0,,110,0,71.49542216006667
43,1.25,v2_g0_A8_B1,final_fp32_res672_tok16_uniform_token_keep75_b1,,0.7520566401963655,0.24794335980363447,1.0,,110,0,57.19633772805334
43,1.25,v2_g1_A9_B3,final_fp32_res672_tok16_uniform_token_keep75_b1,,0.7520566401963655,0.24794335980363447,1.0,,110,0,57.19633772805334
43,1.25,v2_g2_A8_B4,final_fp4_res672_tok16_full_keep100_b1,,0.8054797906483632,0.19452020935163683,1.0,,110,0,57.19633772805334
43,1.25,v2_g3_A9_B5,final_fp4_res672_tok16_full_keep100_b1,,0.8054797906483632,0.19452020935163683,1.0,,110,0,57.19633772805334
43,1.25,v2_g5_A9_B7,final_fp4_res672_tok16_full_keep100_b1,,0.8054797906483632,0.19452020935163683,1.0,,110,0,57.19633772805334
43,1.5,v2_g0_A8_B1,final_fp32_res672_tok16_uniform_token_keep75_b1,,0.9024679682356387,0.09753203176436132,1.0,,110,0,47.66361477337778
43,1.5,v2_g1_A9_B3,final_fp32_res672_tok16_uniform_token_keep75_b1,,0.9024679682356387,0.09753203176436132,1.0,,110,0,47.66361477337778
43,1.5,v2_g2_A8_B4,final_fp4_res672_tok16_full_keep100_b1,,0.9665757487780358,0.03342425122196424,1.0,,110,0,47.66361477337778
43,1.5,v2_g3_A9_B5,final_fp4_res672_tok16_full_keep100_b1,,0.9665757487780358,0.03342425122196424,1.0,,110,0,47.66361477337778
43,1.5,v2_g5_A9_B7,final_fp4_res672_tok16_full_keep100_b1,,0.9665757487780358,0.03342425122196424,1.0,,110,0,47.66361477337778
43,2.0,v2_g0_A8_B1,final_fp32_res672_tok16_uniform_token_keep75_b1,,1.0,0.0,0.8310544267474448,,110,0,35.74771108003333
43,2.0,v2_g1_A9_B3,final_fp32_res672_tok16_uniform_token_keep75_b1,,1.0,0.0,0.8310544267474448,,110,0,35.74771108003333
43,2.0,v2_g2_A8_B4,final_fp32_res672_tok16_saliency_topk_keep50_b1,,0.6926077558200314,0.3073922441799686,1.0,,110,0,35.74771108003333
43,2.0,v2_g3_A9_B5,final_fp32_res672_tok16_saliency_topk_keep50_b1,,0.6926077558200314,0.3073922441799686,1.0,,110,0,35.74771108003333
43,2.0,v2_g5_A9_B7,final_fp4_res672_tok16_full_keep100_b1,,1.0,0.0,0.7759350479754585,,110,0,35.74771108003333
43,3.0,v2_g0_A8_B1,final_fp32_res672_tok16_saliency_topk_keep50_b1,,1.0,0.0,0.962545771491324,,110,0,23.83180738668889
43,3.0,v2_g1_A9_B3,final_fp32_res672_tok16_uniform_token_keep75_b1,,1.0,0.0,0.5540362844982966,,110,0,23.83180738668889
43,3.0,v2_g2_A8_B4,final_fp32_res672_tok16_saliency_topk_keep50_b1,,1.0,0.0,0.962545771491324,,110,0,23.83180738668889
43,3.0,v2_g3_A9_B5,final_fp32_res672_tok16_saliency_topk_keep50_b1,,1.0,0.0,0.962545771491324,,110,0,23.83180738668889
43,3.0,v2_g5_A9_B7,final_fp32_res672_tok16_saliency_topk_keep50_b1,,1.0,0.0,0.962545771491324,,110,0,23.83180738668889
43,4.0,v2_g0_A8_B1,final_fp32_res672_tok16_saliency_topk_keep50_b1,,1.0,0.0,0.721909328618493,,110,0,17.873855540016667
43,4.0,v2_g1_A9_B3,final_fp32_res672_tok16_uniform_token_keep75_b1,,1.0,0.0,0.4155272133737224,,110,0,17.873855540016667
43,4.0,v2_g2_A8_B4,final_fp32_res672_tok16_saliency_topk_keep50_b1,,1.0,0.0,0.721909328618493,,110,0,17.873855540016667
43,4.0,v2_g3_A9_B5,final_fp32_res672_tok16_saliency_topk_keep50_b1,,1.0,0.0,0.721909328618493,,110,0,17.873855540016667
43,4.0,v2_g5_A9_B7,final_fp32_res672_tok16_saliency_topk_keep50_b1,,1.0,0.0,0.721909328618493,,110,0,17.873855540016667
44,0.25,v2_g0_A8_B1,final_fp32_res672_tok16_uniform_token_keep75_b1,,0.15041132803927312,0.8495886719607268,1.0,,110,0,285.98168864026667
44,0.25,v2_g1_A9_B3,final_fp32_res672_tok16_uniform_token_keep75_b1,qwen25vl3b_lora_r16_a32_profile80_target80,0.15041132803927312,0.8495886719607268,1.0,197.90125688452494,77,2,285.98168864026667
44,0.25,v2_g2_A8_B4,final_fp4_res672_tok16_full_keep100_b1,qwen25vl3b_lora_r16_a32_profile80_target80,0.16109595812967265,0.8389040418703273,1.0,69.37517191579707,27,2,285.98168864026667
44,0.25,v2_g3_A9_B5,final_fp4_res672_tok16_full_keep100_b1,qwen25vl3b_lora_r16_a32_profile80_target80,0.16109595812967265,0.8389040418703273,1.0,119.60201300486771,47,2,285.98168864026667
44,0.25,v2_g5_A9_B7,final_fp32_res672_tok16_full_keep100_b1,qwen25vl3b_lora_r8_a16_profile80_target80,0.25,0.75,1.0,150.08746666666667,58,2,285.98168864026667
44,0.5,v2_g0_A8_B1,final_fp32_res672_tok16_uniform_token_keep75_b1,,0.30082265607854625,0.6991773439214537,1.0,,110,0,142.99084432013333
44,0.5,v2_g1_A9_B3,final_fp32_res672_tok16_full_keep100_b1,,0.5,0.5,1.0,,110,0,142.99084432013333
44,0.5,v2_g2_A8_B4,final_fp4_res672_tok16_full_keep100_b1,qwen25vl3b_lora_r16_a32_profile80_target80,0.3221919162593453,0.6778080837406547,1.0,85.1506873932554,66,3,142.99084432013333
44,0.5,v2_g3_A9_B5,final_fp4_res672_tok16_full_keep100_b1,,0.3221919162593453,0.6778080837406547,1.0,,110,0,142.99084432013333
44,0.5,v2_g5_A9_B7,final_fp32_res672_tok16_full_keep100_b1,,0.5,0.5,1.0,,110,0,142.99084432013333
44,0.75,v2_g0_A8_B1,final_fp32_res672_tok16_uniform_token_keep75_b1,,0.45123398411781934,0.5487660158821807,1.0,,110,0,95.32722954675556
44,0.75,v2_g1_A9_B3,final_fp32_res672_tok16_full_keep100_b1,,0.75,0.25,1.0,,110,0,95.32722954675556
44,0.75,v2_g2_A8_B4,final_fp4_res672_tok16_full_keep100_b1,,0.4832878743890179,0.5167121256109821,1.0,,110,0,95.32722954675556
44,0.75,v2_g3_A9_B5,final_fp4_res672_tok16_full_keep100_b1,,0.4832878743890179,0.5167121256109821,1.0,,110,0,95.32722954675556
44,0.75,v2_g5_A9_B7,final_fp32_res672_tok16_full_keep100_b1,,0.75,0.25,1.0,,110,0,95.32722954675556
44,1.0,v2_g0_A8_B1,final_fp32_res672_tok16_uniform_token_keep75_b1,,0.6016453121570925,0.3983546878429075,1.0,,110,0,71.49542216006667
44,1.0,v2_g1_A9_B3,final_fp32_res672_tok16_full_keep100_b1,,1.0,0.0,1.0,,110,0,71.49542216006667
44,1.0,v2_g2_A8_B4,final_fp4_res672_tok16_full_keep100_b1,,0.6443838325186906,0.3556161674813094,1.0,,110,0,71.49542216006667
44,1.0,v2_g3_A9_B5,final_fp4_res672_tok16_full_keep100_b1,,0.6443838325186906,0.3556161674813094,1.0,,110,0,71.49542216006667
44,1.0,v2_g5_A9_B7,final_fp32_res672_tok16_full_keep100_b1,,1.0,0.0,1.0,,110,0,71.49542216006667
44,1.25,v2_g0_A8_B1,final_fp32_res672_tok16_uniform_token_keep75_b1,,0.7520566401963655,0.24794335980363447,1.0,,110,0,57.19633772805334
44,1.25,v2_g1_A9_B3,final_fp32_res672_tok16_uniform_token_keep75_b1,,0.7520566401963655,0.24794335980363447,1.0,,110,0,57.19633772805334
44,1.25,v2_g2_A8_B4,final_fp4_res672_tok16_full_keep100_b1,,0.8054797906483632,0.19452020935163683,1.0,,110,0,57.19633772805334
44,1.25,v2_g3_A9_B5,final_fp4_res672_tok16_full_keep100_b1,,0.8054797906483632,0.19452020935163683,1.0,,110,0,57.19633772805334
44,1.25,v2_g5_A9_B7,final_fp4_res672_tok16_full_keep100_b1,,0.8054797906483632,0.19452020935163683,1.0,,110,0,57.19633772805334
44,1.5,v2_g0_A8_B1,final_fp32_res672_tok16_uniform_token_keep75_b1,,0.9024679682356387,0.09753203176436132,1.0,,110,0,47.66361477337778
44,1.5,v2_g1_A9_B3,final_fp32_res672_tok16_uniform_token_keep75_b1,,0.9024679682356387,0.09753203176436132,1.0,,110,0,47.66361477337778
44,1.5,v2_g2_A8_B4,final_fp4_res672_tok16_full_keep100_b1,,0.9665757487780358,0.03342425122196424,1.0,,110,0,47.66361477337778
44,1.5,v2_g3_A9_B5,final_fp4_res672_tok16_full_keep100_b1,,0.9665757487780358,0.03342425122196424,1.0,,110,0,47.66361477337778
44,1.5,v2_g5_A9_B7,final_fp4_res672_tok16_full_keep100_b1,,0.9665757487780358,0.03342425122196424,1.0,,110,0,47.66361477337778
44,2.0,v2_g0_A8_B1,final_fp32_res672_tok16_uniform_token_keep75_b1,,1.0,0.0,0.8310544267474448,,110,0,35.74771108003333
44,2.0,v2_g1_A9_B3,final_fp32_res672_tok16_uniform_token_keep75_b1,,1.0,0.0,0.8310544267474448,,110,0,35.74771108003333
44,2.0,v2_g2_A8_B4,final_fp32_res672_tok16_saliency_topk_keep50_b1,,0.6926077558200314,0.3073922441799686,1.0,,110,0,35.74771108003333
44,2.0,v2_g3_A9_B5,final_fp32_res672_tok16_saliency_topk_keep50_b1,,0.6926077558200314,0.3073922441799686,1.0,,110,0,35.74771108003333
44,2.0,v2_g5_A9_B7,final_fp4_res672_tok16_full_keep100_b1,,1.0,0.0,0.7759350479754585,,110,0,35.74771108003333
44,3.0,v2_g0_A8_B1,final_fp32_res672_tok16_saliency_topk_keep50_b1,,1.0,0.0,0.962545771491324,,110,0,23.83180738668889
44,3.0,v2_g1_A9_B3,final_fp32_res672_tok16_uniform_token_keep75_b1,,1.0,0.0,0.5540362844982966,,110,0,23.83180738668889
44,3.0,v2_g2_A8_B4,final_fp32_res672_tok16_saliency_topk_keep50_b1,,1.0,0.0,0.962545771491324,,110,0,23.83180738668889
44,3.0,v2_g3_A9_B5,final_fp32_res672_tok16_saliency_topk_keep50_b1,,1.0,0.0,0.962545771491324,,110,0,23.83180738668889
44,3.0,v2_g5_A9_B7,final_fp32_res672_tok16_saliency_topk_keep50_b1,,1.0,0.0,0.962545771491324,,110,0,23.83180738668889
44,4.0,v2_g0_A8_B1,final_fp32_res672_tok16_saliency_topk_keep50_b1,,1.0,0.0,0.721909328618493,,110,0,17.873855540016667
44,4.0,v2_g1_A9_B3,final_fp32_res672_tok16_uniform_token_keep75_b1,,1.0,0.0,0.4155272133737224,,110,0,17.873855540016667
44,4.0,v2_g2_A8_B4,final_fp32_res672_tok16_saliency_topk_keep50_b1,,1.0,0.0,0.721909328618493,,110,0,17.873855540016667
44,4.0,v2_g3_A9_B5,final_fp32_res672_tok16_saliency_topk_keep50_b1,,1.0,0.0,0.721909328618493,,110,0,17.873855540016667
44,4.0,v2_g5_A9_B7,final_fp32_res672_tok16_saliency_topk_keep50_b1,,1.0,0.0,0.721909328618493,,110,0,17.873855540016667
