seed,load,group,inference,training_budget,unused_budget,adapter_active
42,0.25,v2_g0_A8_B1,0.15041132803927312,0.8495886719607268,0.0,True
42,0.25,v2_g1_A9_B3,0.15041132803927312,0.8495886719607268,0.0,True
42,0.25,v2_g2_A8_B4,0.16109595812967265,0.8389040418703273,0.0,True
42,0.25,v2_g3_A9_B5,0.16109595812967265,0.8389040418703273,0.0,True
42,0.25,v2_g5_A9_B7,0.25,0.75,0.0,True
42,0.5,v2_g0_A8_B1,0.30082265607854625,0,0.6991773439214537,False
42,0.5,v2_g1_A9_B3,0.5,0,0.5,False
42,0.5,v2_g2_A8_B4,0.3221919162593453,0.6778080837406547,0.0,True
42,0.5,v2_g3_A9_B5,0.3221919162593453,0,0.6778080837406547,False
42,0.5,v2_g5_A9_B7,0.5,0,0.5,False
42,0.75,v2_g0_A8_B1,0.45123398411781934,0,0.5487660158821807,False
42,0.75,v2_g1_A9_B3,0.75,0,0.25,False
42,0.75,v2_g2_A8_B4,0.4832878743890179,0,0.5167121256109821,False
42,0.75,v2_g3_A9_B5,0.4832878743890179,0,0.5167121256109821,False
42,0.75,v2_g5_A9_B7,0.75,0,0.25,False
42,1.0,v2_g0_A8_B1,0.6016453121570925,0,0.3983546878429075,False
42,1.0,v2_g1_A9_B3,1.0,0,0.0,False
42,1.0,v2_g2_A8_B4,0.6443838325186906,0,0.3556161674813094,False
42,1.0,v2_g3_A9_B5,0.6443838325186906,0,0.3556161674813094,False
42,1.0,v2_g5_A9_B7,1.0,0,0.0,False
42,1.25,v2_g0_A8_B1,0.7520566401963655,0,0.24794335980363447,False
42,1.25,v2_g1_A9_B3,0.7520566401963655,0,0.24794335980363447,False
42,1.25,v2_g2_A8_B4,0.8054797906483632,0,0.19452020935163683,False
42,1.25,v2_g3_A9_B5,0.8054797906483632,0,0.19452020935163683,False
42,1.25,v2_g5_A9_B7,0.8054797906483632,0,0.19452020935163683,False
42,1.5,v2_g0_A8_B1,0.9024679682356387,0,0.09753203176436132,False
42,1.5,v2_g1_A9_B3,0.9024679682356387,0,0.09753203176436132,False
42,1.5,v2_g2_A8_B4,0.9665757487780358,0,0.03342425122196424,False
42,1.5,v2_g3_A9_B5,0.9665757487780358,0,0.03342425122196424,False
42,1.5,v2_g5_A9_B7,0.9665757487780358,0,0.03342425122196424,False
42,2.0,v2_g0_A8_B1,1.0,0,0.0,False
42,2.0,v2_g1_A9_B3,1.0,0,0.0,False
42,2.0,v2_g2_A8_B4,0.6926077558200314,0,0.3073922441799686,False
42,2.0,v2_g3_A9_B5,0.6926077558200314,0,0.3073922441799686,False
42,2.0,v2_g5_A9_B7,1.0,0,0.0,False
42,3.0,v2_g0_A8_B1,1.0,0,0.0,False
42,3.0,v2_g1_A9_B3,1.0,0,0.0,False
42,3.0,v2_g2_A8_B4,1.0,0,0.0,False
42,3.0,v2_g3_A9_B5,1.0,0,0.0,False
42,3.0,v2_g5_A9_B7,1.0,0,0.0,False
42,4.0,v2_g0_A8_B1,1.0,0,0.0,False
42,4.0,v2_g1_A9_B3,1.0,0,0.0,False
42,4.0,v2_g2_A8_B4,1.0,0,0.0,False
42,4.0,v2_g3_A9_B5,1.0,0,0.0,False
42,4.0,v2_g5_A9_B7,1.0,0,0.0,False
43,0.25,v2_g0_A8_B1,0.15041132803927312,0.8495886719607268,0.0,True
43,0.25,v2_g1_A9_B3,0.15041132803927312,0.8495886719607268,0.0,True
43,0.25,v2_g2_A8_B4,0.16109595812967265,0.8389040418703273,0.0,True
43,0.25,v2_g3_A9_B5,0.16109595812967265,0.8389040418703273,0.0,True
43,0.25,v2_g5_A9_B7,0.25,0.75,0.0,True
43,0.5,v2_g0_A8_B1,0.30082265607854625,0,0.6991773439214537,False
43,0.5,v2_g1_A9_B3,0.5,0,0.5,False
43,0.5,v2_g2_A8_B4,0.3221919162593453,0.6778080837406547,0.0,True
43,0.5,v2_g3_A9_B5,0.3221919162593453,0,0.6778080837406547,False
43,0.5,v2_g5_A9_B7,0.5,0,0.5,False
43,0.75,v2_g0_A8_B1,0.45123398411781934,0,0.5487660158821807,False
43,0.75,v2_g1_A9_B3,0.75,0,0.25,False
43,0.75,v2_g2_A8_B4,0.4832878743890179,0,0.5167121256109821,False
43,0.75,v2_g3_A9_B5,0.4832878743890179,0,0.5167121256109821,False
43,0.75,v2_g5_A9_B7,0.75,0,0.25,False
43,1.0,v2_g0_A8_B1,0.6016453121570925,0,0.3983546878429075,False
43,1.0,v2_g1_A9_B3,1.0,0,0.0,False
43,1.0,v2_g2_A8_B4,0.6443838325186906,0,0.3556161674813094,False
43,1.0,v2_g3_A9_B5,0.6443838325186906,0,0.3556161674813094,False
43,1.0,v2_g5_A9_B7,1.0,0,0.0,False
43,1.25,v2_g0_A8_B1,0.7520566401963655,0,0.24794335980363447,False
43,1.25,v2_g1_A9_B3,0.7520566401963655,0,0.24794335980363447,False
43,1.25,v2_g2_A8_B4,0.8054797906483632,0,0.19452020935163683,False
43,1.25,v2_g3_A9_B5,0.8054797906483632,0,0.19452020935163683,False
43,1.25,v2_g5_A9_B7,0.8054797906483632,0,0.19452020935163683,False
43,1.5,v2_g0_A8_B1,0.9024679682356387,0,0.09753203176436132,False
43,1.5,v2_g1_A9_B3,0.9024679682356387,0,0.09753203176436132,False
43,1.5,v2_g2_A8_B4,0.9665757487780358,0,0.03342425122196424,False
43,1.5,v2_g3_A9_B5,0.9665757487780358,0,0.03342425122196424,False
43,1.5,v2_g5_A9_B7,0.9665757487780358,0,0.03342425122196424,False
43,2.0,v2_g0_A8_B1,1.0,0,0.0,False
43,2.0,v2_g1_A9_B3,1.0,0,0.0,False
43,2.0,v2_g2_A8_B4,0.6926077558200314,0,0.3073922441799686,False
43,2.0,v2_g3_A9_B5,0.6926077558200314,0,0.3073922441799686,False
43,2.0,v2_g5_A9_B7,1.0,0,0.0,False
43,3.0,v2_g0_A8_B1,1.0,0,0.0,False
43,3.0,v2_g1_A9_B3,1.0,0,0.0,False
43,3.0,v2_g2_A8_B4,1.0,0,0.0,False
43,3.0,v2_g3_A9_B5,1.0,0,0.0,False
43,3.0,v2_g5_A9_B7,1.0,0,0.0,False
43,4.0,v2_g0_A8_B1,1.0,0,0.0,False
43,4.0,v2_g1_A9_B3,1.0,0,0.0,False
43,4.0,v2_g2_A8_B4,1.0,0,0.0,False
43,4.0,v2_g3_A9_B5,1.0,0,0.0,False
43,4.0,v2_g5_A9_B7,1.0,0,0.0,False
44,0.25,v2_g0_A8_B1,0.15041132803927312,0,0.8495886719607268,False
44,0.25,v2_g1_A9_B3,0.15041132803927312,0.8495886719607268,0.0,True
44,0.25,v2_g2_A8_B4,0.16109595812967265,0.8389040418703273,0.0,True
44,0.25,v2_g3_A9_B5,0.16109595812967265,0.8389040418703273,0.0,True
44,0.25,v2_g5_A9_B7,0.25,0.75,0.0,True
44,0.5,v2_g0_A8_B1,0.30082265607854625,0,0.6991773439214537,False
44,0.5,v2_g1_A9_B3,0.5,0,0.5,False
44,0.5,v2_g2_A8_B4,0.3221919162593453,0.6778080837406547,0.0,True
44,0.5,v2_g3_A9_B5,0.3221919162593453,0,0.6778080837406547,False
44,0.5,v2_g5_A9_B7,0.5,0,0.5,False
44,0.75,v2_g0_A8_B1,0.45123398411781934,0,0.5487660158821807,False
44,0.75,v2_g1_A9_B3,0.75,0,0.25,False
44,0.75,v2_g2_A8_B4,0.4832878743890179,0,0.5167121256109821,False
44,0.75,v2_g3_A9_B5,0.4832878743890179,0,0.5167121256109821,False
44,0.75,v2_g5_A9_B7,0.75,0,0.25,False
44,1.0,v2_g0_A8_B1,0.6016453121570925,0,0.3983546878429075,False
44,1.0,v2_g1_A9_B3,1.0,0,0.0,False
44,1.0,v2_g2_A8_B4,0.6443838325186906,0,0.3556161674813094,False
44,1.0,v2_g3_A9_B5,0.6443838325186906,0,0.3556161674813094,False
44,1.0,v2_g5_A9_B7,1.0,0,0.0,False
44,1.25,v2_g0_A8_B1,0.7520566401963655,0,0.24794335980363447,False
44,1.25,v2_g1_A9_B3,0.7520566401963655,0,0.24794335980363447,False
44,1.25,v2_g2_A8_B4,0.8054797906483632,0,0.19452020935163683,False
44,1.25,v2_g3_A9_B5,0.8054797906483632,0,0.19452020935163683,False
44,1.25,v2_g5_A9_B7,0.8054797906483632,0,0.19452020935163683,False
44,1.5,v2_g0_A8_B1,0.9024679682356387,0,0.09753203176436132,False
44,1.5,v2_g1_A9_B3,0.9024679682356387,0,0.09753203176436132,False
44,1.5,v2_g2_A8_B4,0.9665757487780358,0,0.03342425122196424,False
44,1.5,v2_g3_A9_B5,0.9665757487780358,0,0.03342425122196424,False
44,1.5,v2_g5_A9_B7,0.9665757487780358,0,0.03342425122196424,False
44,2.0,v2_g0_A8_B1,1.0,0,0.0,False
44,2.0,v2_g1_A9_B3,1.0,0,0.0,False
44,2.0,v2_g2_A8_B4,0.6926077558200314,0,0.3073922441799686,False
44,2.0,v2_g3_A9_B5,0.6926077558200314,0,0.3073922441799686,False
44,2.0,v2_g5_A9_B7,1.0,0,0.0,False
44,3.0,v2_g0_A8_B1,1.0,0,0.0,False
44,3.0,v2_g1_A9_B3,1.0,0,0.0,False
44,3.0,v2_g2_A8_B4,1.0,0,0.0,False
44,3.0,v2_g3_A9_B5,1.0,0,0.0,False
44,3.0,v2_g5_A9_B7,1.0,0,0.0,False
44,4.0,v2_g0_A8_B1,1.0,0,0.0,False
44,4.0,v2_g1_A9_B3,1.0,0,0.0,False
44,4.0,v2_g2_A8_B4,1.0,0,0.0,False
44,4.0,v2_g3_A9_B5,1.0,0,0.0,False
44,4.0,v2_g5_A9_B7,1.0,0,0.0,False
