time_s,sada_pct,noretrain_pct
5.0,54.96586239402704,56.758668353729036
10.0,54.908817123802855,56.72149163688306
15.0,54.79611736727783,56.64833426585611
20.0,54.62881070597023,56.539854506719635
25.0,54.40847825435026,56.397049923213004
30.0,54.138105193917276,56.22212870483486
35.0,53.82032826584481,56.016758678187394
40.0,53.45740517618821,55.78203931385646
45.0,53.05290631566666,55.52019753572056
50.0,52.61078463287274,55.23366359742924
55.0,52.13444126139631,54.92414504562571
60.0,51.62908641611684,54.59499866880715
65.0,51.09879711809309,54.24830231138698
70.0,50.550035096163704,53.88839013168513
75.0,49.986290175662404,53.51651673272658
80.0,49.41510377310986,53.13790477308616
85.0,48.83941082327912,52.75311423017585
90.0,48.26519937685636,52.36573225202326
95.0,47.697471205519,51.97836648519822
100.0,47.14107720300828,51.59351507962706
105.0,46.599770772308915,51.21265584917931
110.0,46.079245264906504,50.839319841094564
115.0,45.582666591123086,50.4746595459707
120.0,45.1137185392522,50.12052835611445
125.0,44.67626675478545,49.779473702577114
130.0,44.272423658235624,49.45143335255549
135.0,43.9044134555915,49.13856117960435
140.0,43.57476866836563,48.84213808123754
145.0,43.28525827685791,48.56373946974217
150.0,43.03643872595258,48.30234887138511
155.0,42.82852717918819,48.0584984064642
160.0,42.661189227440175,47.834066469713505
165.0,42.53413543861009,47.6283511317557
170.0,42.4464131459267,47.441379853374706
175.0,42.39696574163792,47.272346951183636
180.0,42.383573315063636,47.123408595513745
185.0,42.40405254034344,46.991988848461894
190.0,42.45674823228317,46.878511595067756
195.0,42.53913957516471,46.782432928358844
200.0,42.64825847707755,46.70314670684299
205.0,42.781840095108805,46.639997626809844
210.0,42.93721750170272,46.59297560848872
215.0,43.11092565585371,46.560518714544564
220.0,43.300189299909356,46.54193277777717
225.0,43.50259508457774,46.536510478170555
230.0,43.71502584224608,46.542648791118175
235.0,43.934843285482586,46.55958193738396
240.0,44.16035255442947,46.58738533861359
245.0,44.389372962351416,46.62525078704236
250.0,44.61961401389744,46.67237773289464
255.0,44.849778565590206,46.72797168620646
260.0,45.07840704005062,46.79192418524585
265.0,45.30342982570872,46.86260217588764
270.0,45.52360438767637,46.9392555337373
275.0,45.7381391490423,47.02112591103163
280.0,45.945583595701464,47.10834062234587
285.0,46.14467471227178,47.1988264873682
290.0,46.33586856018665,47.29273341619751
295.0,46.518048373970466,47.38935099799357
300.0,46.69094475238643,47.48800764305807
305.0,46.85386507357237,47.58807898961236
310.0,47.00731000114558,47.68899747424569
315.0,47.150328318246956,47.79026262143242
320.0,47.283312566973976,47.89145153466842
325.0,47.40570525151588,47.99222902465664
330.0,47.51835792129185,48.0914645423927
335.0,47.62104836911773,48.190328395464604
340.0,47.71387354780877,48.28787705091561
345.0,47.7966298615483,48.38414381464599
350.0,47.87021136761885,48.4792448744968
355.0,47.934544175522944,48.573373546901486
360.0,47.98996442355084,48.66700078995259
365.0,48.0376551634859,48.760663426891
370.0,48.07789628260943,48.854749150588475
375.0,48.111223383175876,48.94879530742981
380.0,48.138778131634865,49.04476684186097
385.0,48.161663824521675,49.14220584430031
390.0,48.17938758400753,49.241297793388846
395.0,48.19282869405774,49.34236580548062
400.0,48.20289289238542,49.44563950980999
405.0,48.20992275375951,49.55212859047739
410.0,48.213738784436394,49.66051851694391
415.0,48.215608739927134,49.7715789533123
420.0,56.38956557557765,49.885068761931514
425.0,56.37981264323591,50.00062772102627
430.0,62.97991717435835,50.116889868223815
435.0,62.93031393967164,50.234583715903305
440.0,70.73330102566007,50.35144746057225
445.0,70.60989326408617,50.46822970993122
450.0,70.44408969966291,50.58320431952165
455.0,70.23854637780282,50.69638909201872
460.0,69.99634055019698,50.80559346786321
465.0,69.72115701872058,50.91154883405247
470.0,69.41730700160792,51.01263858297948
475.0,69.08953091398507,51.10754275251716
480.0,68.74263077455139,51.19568607248175
485.0,68.38210285496392,51.27793645846227
490.0,68.01427834663428,51.353088359980134
495.0,67.64485259325411,51.42095597227955
500.0,67.27922665463237,51.48147864952131
505.0,66.92401167549892,51.53560392223595
510.0,66.58508467257191,51.582183274004315
515.0,66.2678754128034,51.622371130564815
520.0,65.97757079163786,51.65651139638443
525.0,65.71893001181657,51.685002520834345
530.0,65.49656085074146,51.70737727438022
535.0,65.31403850291092,51.72536409684738
540.0,65.17443764231828,51.73776002628595
545.0,65.08027609354995,51.74638779610996
550.0,65.03264410825132,51.74988594833315
