seed,uid,index,time_s,phase,sada,noretrain
42,3_Evaluation::Task05_586,1,5.0,before,0.5496586239402704,0.5675866835372904
42,3_Evaluation::Task05_587,2,10.0,before,0.5490881712380286,0.5672149163688306
42,3_Evaluation::Task05_588,3,15.0,before,0.5479611736727783,0.566483342658561
42,3_Evaluation::Task05_589,4,20.0,before,0.5462881070597023,0.5653985450671963
42,3_Evaluation::Task05_590,5,25.0,before,0.5440847825435026,0.56397049923213
42,2_Stream_Sim_Drift::Task05_61,6,30.0,before,0.5413810519391727,0.5622212870483486
42,2_Stream_Sim_Drift::Task05_62,7,35.0,before,0.5382032826584481,0.560167586781874
42,2_Stream_Sim_Drift::Task05_63,8,40.0,before,0.5345740517618821,0.5578203931385646
42,2_Stream_Sim_Drift::Task05_64,9,45.0,before,0.5305290631566666,0.5552019753572056
42,2_Stream_Sim_Drift::Task05_65,10,50.0,before,0.5261078463287274,0.5523366359742924
42,3_Evaluation::Task05_611,11,55.0,before,0.5213444126139631,0.549241450456257
42,3_Evaluation::Task05_612,12,60.0,before,0.5162908641611684,0.5459499866880715
42,3_Evaluation::Task05_613,13,65.0,before,0.5109879711809309,0.5424830231138698
42,3_Evaluation::Task05_614,14,70.0,before,0.505500350961637,0.5388839013168513
42,3_Evaluation::Task05_615,15,75.0,before,0.499862901756624,0.5351651673272658
42,3_Evaluation::Task05_626,16,80.0,before,0.49415103773109864,0.5313790477308616
42,3_Evaluation::Task05_627,17,85.0,before,0.48839410823279117,0.5275311423017586
42,3_Evaluation::Task05_628,18,90.0,before,0.4826519937685636,0.5236573225202326
42,3_Evaluation::Task05_629,19,95.0,before,0.47697471205519004,0.5197836648519822
42,3_Evaluation::Task05_630,20,100.0,before,0.4714107720300828,0.5159351507962706
42,2_Stream_Sim_Drift::Task05_66,21,105.0,before,0.4659977077230892,0.5121265584917931
42,2_Stream_Sim_Drift::Task05_67,22,110.0,before,0.46079245264906504,0.5083931984109457
42,2_Stream_Sim_Drift::Task05_68,23,115.0,before,0.45582666591123083,0.504746595459707
42,2_Stream_Sim_Drift::Task05_69,24,120.0,before,0.45113718539252196,0.5012052835611445
42,2_Stream_Sim_Drift::Task05_70,25,125.0,before,0.4467567192117528,0.49779473702577115
42,3_Evaluation::Task05_661,26,130.0,before,0.4427135134749384,0.4945143335255549
42,3_Evaluation::Task05_662,27,135.0,before,0.4390331844216777,0.49138561179604345
42,3_Evaluation::Task05_663,28,140.0,before,0.43573653427485654,0.4884213808123755
42,3_Evaluation::Task05_664,29,145.0,before,0.43284426222125527,0.4856373946974217
42,3_Evaluation::Task05_665,30,150.0,before,0.43035693671377484,0.48302348871385103
42,3_Evaluation::Task05_676,31,155.0,before,0.42827912803107165,0.48058498406464206
42,3_Evaluation::Task05_677,32,160.0,before,0.4266017108401887,0.47834066469713504
42,3_Evaluation::Task05_678,33,165.0,before,0.4253261583433369,0.47628351131755703
42,3_Evaluation::Task05_679,34,170.0,before,0.4244427298493979,0.474413798533747
42,3_Evaluation::Task05_680,35,175.0,before,0.423937629097314,0.47272346951183636
42,2_Stream_Sim_Drift::Task05_71,36,180.0,before,0.42379339967046686,0.47123408595513744
42,2_Stream_Sim_Drift::Task05_72,37,185.0,before,0.42399146947259336,0.46991988848461896
42,2_Stream_Sim_Drift::Task05_73,38,190.0,before,0.42451064557249046,0.46878511595067757
42,2_Stream_Sim_Drift::Task05_74,39,195.0,before,0.4253256341845567,0.4678243292835884
42,2_Stream_Sim_Drift::Task05_75,40,200.0,before,0.42640966001424235,0.46703146706842996
42,3_Evaluation::Task05_711,41,205.0,before,0.4277349846977209,0.4663999762680984
42,3_Evaluation::Task05_712,42,210.0,before,0.42927131128922585,0.46592975608488724
42,3_Evaluation::Task05_713,43,215.0,before,0.43098824946854686,0.46560518714544563
42,3_Evaluation::Task05_714,44,220.0,before,0.4328577430995518,0.4654193277777717
42,3_Evaluation::Task05_715,45,225.0,before,0.43485236357585577,0.46536510478170556
42,3_Evaluation::Task05_726,46,230.0,before,0.43694564895336646,0.46542648791118174
42,3_Evaluation::Task05_727,47,235.0,before,0.43911448441188894,0.46559581937383954
42,3_Evaluation::Task05_728,48,240.0,before,0.4413373352082718,0.46587385338613585
42,3_Evaluation::Task05_729,49,245.0,before,0.44359242007821154,0.4662525078704236
42,3_Evaluation::Task05_730,50,250.0,before,0.44585991522626733,0.46672377732894643
42,2_Stream_Sim_Drift::Task05_76,51,255.0,before,0.44812200651366374,0.4672797168620646
42,2_Stream_Sim_Drift::Task05_77,52,260.0,before,0.450360795802915,0.4679192418524585
42,2_Stream_Sim_Drift::Task05_78,53,265.0,before,0.45256025537227745,0.4686260217588764
42,2_Stream_Sim_Drift::Task05_79,54,270.0,before,0.4547081506203746,0.469392555337373
42,2_Stream_Sim_Drift::Task05_80,55,275.0,before,0.45679385160371283,0.4702112591103163
42,3_Evaluation::Task05_766,56,280.0,before,0.45880822829828544,0.47108340622345873
42,3_Evaluation::Task05_767,57,285.0,before,0.46073671470586036,0.471988264873682
42,3_Evaluation::Task05_768,58,290.0,before,0.46259019593521156,0.4729273341619751
42,3_Evaluation::Task05_769,59,295.0,before,0.4643478056123725,0.4738935099799357
42,3_Evaluation::Task05_770,60,300.0,before,0.4660208148363814,0.47488007643058067
42,3_Evaluation::Task05_776,61,305.0,before,0.4675906137977332,0.47588078989612365
42,3_Evaluation::Task05_777,62,310.0,before,0.4690705240633273,0.47688997474245687
42,3_Evaluation::Task05_778,63,315.0,before,0.4704527302710003,0.4779026262143242
42,3_Evaluation::Task05_779,64,320.0,before,0.4717371289538017,0.47891451534668417
42,3_Evaluation::Task05_780,65,325.0,before,0.47292446459425724,0.47992229024656635
42,3_Evaluation::Task05_796,66,330.0,before,0.47401629389313055,0.480914645423927
42,3_Evaluation::Task05_797,67,335.0,before,0.47501285259714493,0.48190328395464604
42,3_Evaluation::Task05_798,68,340.0,before,0.4759150083403858,0.48287877050915606
42,3_Evaluation::Task05_799,69,345.0,before,0.476726208638722,0.4838414381464599
42,3_Evaluation::Task05_800,70,350.0,before,0.4774503335914145,0.484792448744968
42,3_Evaluation::Task05_806,71,355.0,before,0.47809163795037585,0.4857337354690148
42,3_Evaluation::Task05_807,72,360.0,before,0.47865678128900313,0.48667000789952586
42,3_Evaluation::Task05_808,73,365.0,before,0.479152759191925,0.48760663426891
42,3_Evaluation::Task05_809,74,370.0,before,0.4795759013382823,0.4885474915058847
42,3_Evaluation::Task05_810,75,375.0,before,0.479937937452149,0.4894879530742981
42,3_Evaluation::Task05_826,76,380.0,before,0.4802437750651542,0.4904476684186097
42,3_Evaluation::Task05_827,77,385.0,before,0.480504998169395,0.4914220584430031
42,3_Evaluation::Task05_828,78,390.0,before,0.48071764007313755,0.49241297793388844
42,3_Evaluation::Task05_829,79,395.0,before,0.48088613689319265,0.4934236580548062
42,3_Evaluation::Task05_830,80,400.0,before,0.4810142943050037,0.49445639509809997
42,3_Evaluation::Task05_846,81,405.0,before,0.4811051835191877,0.4955212859047739
42,3_Evaluation::Task05_847,82,410.0,before,0.4811631516470064,0.4966051851694391
42,3_Evaluation::Task05_848,83,415.0,before,0.48119176319425994,0.497715789533123
42,3_Evaluation::Task05_849,84,420.0,after,0.7264038881716662,0.4988506876193151
42,3_Evaluation::Task05_850,85,425.0,after,0.7261194778357383,0.5000062772102627
42,3_Evaluation::Task05_856,86,430.0,after,0.7255533636321807,0.5011688986822381
42,3_Evaluation::Task05_857,87,435.0,after,0.724710988222498,0.502345837159033
42,3_Evaluation::Task05_858,88,440.0,after,0.7235916636262613,0.5035144746057225
42,3_Evaluation::Task05_859,89,445.0,after,0.7222284534482287,0.5046822970993122
42,3_Evaluation::Task05_860,90,450.0,after,0.720619985337228,0.5058320431952165
42,3_Evaluation::Task05_876,91,455.0,after,0.7187745974197909,0.5069638909201872
42,3_Evaluation::Task05_877,92,460.0,after,0.7167276581908638,0.5080559346786321
42,3_Evaluation::Task05_878,93,465.0,after,0.7144885983552602,0.5091154883405247
42,3_Evaluation::Task05_879,94,470.0,after,0.712091878986815,0.5101263858297947
42,3_Evaluation::Task05_880,95,475.0,after,0.709565989923629,0.5110754275251717
42,3_Evaluation::Task05_896,96,480.0,after,0.7069421824172089,0.5119568607248175
42,3_Evaluation::Task05_897,97,485.0,after,0.7042541971340507,0.5127793645846227
42,3_Evaluation::Task05_898,98,490.0,after,0.7015379054216231,0.5135308835998014
42,3_Evaluation::Task05_899,99,495.0,after,0.6988308636260273,0.5142095597227955
42,3_Evaluation::Task05_900,100,500.0,after,0.6961628624116293,0.5148147864952131
42,3_Evaluation::Task05_906,101,505.0,after,0.6935862106899259,0.5153560392223595
42,3_Evaluation::Task05_907,102,510.0,after,0.6911329746916498,0.5158218327400431
42,3_Evaluation::Task05_908,103,515.0,after,0.6888342479393267,0.5162237113056481
42,3_Evaluation::Task05_909,104,520.0,after,0.6867393945502595,0.5165651139638443
42,3_Evaluation::Task05_910,105,525.0,after,0.6848663918920338,0.5168500252083434
42,3_Evaluation::Task05_926,106,530.0,after,0.6832540804058735,0.5170737727438022
42,3_Evaluation::Task05_927,107,535.0,after,0.6819373910176152,0.5172536409684738
42,3_Evaluation::Task05_928,108,540.0,after,0.6809226417381409,0.5173776002628595
42,3_Evaluation::Task05_929,109,545.0,after,0.6802331742355985,0.5174638779610996
42,3_Evaluation::Task05_930,110,550.0,after,0.6798889386788782,0.5174988594833315
43,3_Evaluation::Task05_586,1,5.0,before,0.5496586239402704,0.5675866835372904
43,3_Evaluation::Task05_587,2,10.0,before,0.5490881712380286,0.5672149163688306
43,3_Evaluation::Task05_588,3,15.0,before,0.5479611736727783,0.566483342658561
43,3_Evaluation::Task05_589,4,20.0,before,0.5462881070597023,0.5653985450671963
43,3_Evaluation::Task05_590,5,25.0,before,0.5440847825435026,0.56397049923213
43,2_Stream_Sim_Drift::Task05_61,6,30.0,before,0.5413810519391727,0.5622212870483486
43,2_Stream_Sim_Drift::Task05_62,7,35.0,before,0.5382032826584481,0.560167586781874
43,2_Stream_Sim_Drift::Task05_63,8,40.0,before,0.5345740517618821,0.5578203931385646
43,2_Stream_Sim_Drift::Task05_64,9,45.0,before,0.5305290631566666,0.5552019753572056
43,2_Stream_Sim_Drift::Task05_65,10,50.0,before,0.5261078463287274,0.5523366359742924
43,3_Evaluation::Task05_611,11,55.0,before,0.5213444126139631,0.549241450456257
43,3_Evaluation::Task05_612,12,60.0,before,0.5162908641611684,0.5459499866880715
43,3_Evaluation::Task05_613,13,65.0,before,0.5109879711809309,0.5424830231138698
43,3_Evaluation::Task05_614,14,70.0,before,0.505500350961637,0.5388839013168513
43,3_Evaluation::Task05_615,15,75.0,before,0.499862901756624,0.5351651673272658
43,3_Evaluation::Task05_626,16,80.0,before,0.49415103773109864,0.5313790477308616
43,3_Evaluation::Task05_627,17,85.0,before,0.48839410823279117,0.5275311423017586
43,3_Evaluation::Task05_628,18,90.0,before,0.4826519937685636,0.5236573225202326
43,3_Evaluation::Task05_629,19,95.0,before,0.47697471205519004,0.5197836648519822
43,3_Evaluation::Task05_630,20,100.0,before,0.4714107720300828,0.5159351507962706
43,2_Stream_Sim_Drift::Task05_66,21,105.0,before,0.4659977077230892,0.5121265584917931
43,2_Stream_Sim_Drift::Task05_67,22,110.0,before,0.46079245264906504,0.5083931984109457
43,2_Stream_Sim_Drift::Task05_68,23,115.0,before,0.45582666591123083,0.504746595459707
43,2_Stream_Sim_Drift::Task05_69,24,120.0,before,0.45113718539252196,0.5012052835611445
43,2_Stream_Sim_Drift::Task05_70,25,125.0,before,0.4467656417159053,0.49779473702577115
43,3_Evaluation::Task05_661,26,130.0,before,0.4427340593881413,0.4945143335255549
43,3_Evaluation::Task05_662,27,135.0,before,0.4390509600754826,0.49138561179604345
43,3_Evaluation::Task05_663,28,140.0,before,0.4357505273059082,0.4884213808123755
43,3_Evaluation::Task05_664,29,145.0,before,0.43285312606093607,0.4856373946974217
43,3_Evaluation::Task05_665,30,150.0,before,0.4303588919614192,0.48302348871385103
43,3_Evaluation::Task05_676,31,155.0,before,0.4282807608682721,0.48058498406464206
43,3_Evaluation::Task05_677,32,160.0,before,0.42661159637025037,0.47834066469713504
43,3_Evaluation::Task05_678,33,165.0,before,0.42534649608087766,0.47628351131755703
43,3_Evaluation::Task05_679,34,170.0,before,0.4244762662251268,0.474413798533747
43,3_Evaluation::Task05_680,35,175.0,before,0.4239877833188603,0.47272346951183636
43,2_Stream_Sim_Drift::Task05_71,36,180.0,before,0.4238554934853,0.47123408595513744
43,2_Stream_Sim_Drift::Task05_72,37,185.0,before,0.42405913232513137,0.46991988848461896
43,2_Stream_Sim_Drift::Task05_73,38,190.0,before,0.42458420713512146,0.46878511595067757
43,2_Stream_Sim_Drift::Task05_74,39,195.0,before,0.42540522841977035,0.4678243292835884
43,2_Stream_Sim_Drift::Task05_75,40,200.0,before,0.4264951232612694,0.46703146706842996
43,3_Evaluation::Task05_711,41,205.0,before,0.4278346458857209,0.4663999762680984
43,3_Evaluation::Task05_712,42,210.0,before,0.4293956012575075,0.46592975608488724
43,3_Evaluation::Task05_713,43,215.0,before,0.4311413157323747,0.46560518714544563
43,3_Evaluation::Task05_714,44,220.0,before,0.4330443441013652,0.4654193277777717
43,3_Evaluation::Task05_715,45,225.0,before,0.43507795805022637,0.46536510478170556
43,3_Evaluation::Task05_726,46,230.0,before,0.43720758040945945,0.46542648791118174
43,3_Evaluation::Task05_727,47,235.0,before,0.43940833191558504,0.46559581937383954
43,3_Evaluation::Task05_728,48,240.0,before,0.4416652424301515,0.46587385338613585
43,3_Evaluation::Task05_729,49,245.0,before,0.4439561271105812,0.4662525078704236
43,3_Evaluation::Task05_730,50,250.0,before,0.4462605764265104,0.46672377732894643
43,2_Stream_Sim_Drift::Task05_76,51,255.0,before,0.4485688937073641,0.4672797168620646
43,2_Stream_Sim_Drift::Task05_77,52,260.0,before,0.4508648155625131,0.4679192418524585
43,2_Stream_Sim_Drift::Task05_78,53,265.0,before,0.4531254689675075,0.4686260217588764
43,2_Stream_Sim_Drift::Task05_79,54,270.0,before,0.4553385734567733,0.469392555337373
43,2_Stream_Sim_Drift::Task05_80,55,275.0,before,0.45749345104301126,0.4702112591103163
43,3_Evaluation::Task05_766,56,280.0,before,0.4595720235600345,0.47108340622345873
43,3_Evaluation::Task05_767,57,285.0,before,0.4615659765722315,0.471988264873682
43,3_Evaluation::Task05_768,58,290.0,before,0.46347665086341483,0.4729273341619751
43,3_Evaluation::Task05_769,59,295.0,before,0.465297667439668,0.4738935099799357
43,3_Evaluation::Task05_770,60,300.0,before,0.4670237366823648,0.47488007643058067
43,3_Evaluation::Task05_776,61,305.0,before,0.4686505609997245,0.47588078989612365
43,3_Evaluation::Task05_777,62,310.0,before,0.47018367650340065,0.47688997474245687
43,3_Evaluation::Task05_778,63,315.0,before,0.4716053985505445,0.4779026262143242
43,3_Evaluation::Task05_779,64,320.0,before,0.4729298746738031,0.47891451534668417
43,3_Evaluation::Task05_780,65,325.0,before,0.4741411520229411,0.47992229024656635
43,3_Evaluation::Task05_796,66,330.0,before,0.47525506970974657,0.480914645423927
43,3_Evaluation::Task05_797,67,335.0,before,0.47627307925051293,0.48190328395464604
43,3_Evaluation::Task05_798,68,340.0,before,0.4771890624114895,0.48287877050915606
43,3_Evaluation::Task05_799,69,345.0,before,0.4780065981012776,0.4838414381464599
43,3_Evaluation::Task05_800,70,350.0,before,0.47873004674683,0.484792448744968
43,3_Evaluation::Task05_806,71,355.0,before,0.4793556195952768,0.4857337354690148
43,3_Evaluation::Task05_807,72,360.0,before,0.47988860125748967,0.48667000789952586
43,3_Evaluation::Task05_808,73,365.0,before,0.4803432776670362,0.48760663426891
43,3_Evaluation::Task05_809,74,370.0,before,0.48072556896565954,0.4885474915058847
43,3_Evaluation::Task05_810,75,375.0,before,0.48104181422057773,0.4894879530742981
43,3_Evaluation::Task05_826,76,380.0,before,0.4813075389058232,0.4904476684186097
43,3_Evaluation::Task05_827,77,385.0,before,0.4815300372326679,0.4914220584430031
43,3_Evaluation::Task05_828,78,390.0,before,0.4816992971287896,0.49241297793388844
43,3_Evaluation::Task05_829,79,395.0,before,0.4818291844601373,0.4934236580548062
43,3_Evaluation::Task05_830,80,400.0,before,0.4819262740606422,0.49445639509809997
43,3_Evaluation::Task05_846,81,405.0,before,0.48199651028069207,0.4955212859047739
43,3_Evaluation::Task05_847,82,410.0,before,0.4820382367090684,0.4966051851694391
43,3_Evaluation::Task05_848,83,415.0,before,0.4820641444948077,0.497715789533123
43,3_Evaluation::Task05_849,84,420.0,before,0.482077060389908,0.4988506876193151
43,3_Evaluation::Task05_850,85,425.0,before,0.48207875002188255,0.5000062772102627
43,3_Evaluation::Task05_856,86,430.0,after,0.680658064261816,0.5011688986822381
43,3_Evaluation::Task05_857,87,435.0,after,0.6800136127403292,0.502345837159033
43,3_Evaluation::Task05_858,88,440.0,after,0.6787329871468434,0.5035144746057225
43,3_Evaluation::Task05_859,89,445.0,after,0.6768387514492057,0.5046822970993122
43,3_Evaluation::Task05_860,90,450.0,after,0.6743543942121951,0.5058320431952165
43,3_Evaluation::Task05_876,91,455.0,after,0.6713348151457524,0.5069638909201872
43,3_Evaluation::Task05_877,92,460.0,after,0.6678215712899072,0.5080559346786321
43,3_Evaluation::Task05_878,93,465.0,after,0.6638709647936035,0.5091154883405247
43,3_Evaluation::Task05_879,94,470.0,after,0.6595462831722663,0.5101263858297947
43,3_Evaluation::Task05_880,95,475.0,after,0.654916754184064,0.5110754275251717
43,3_Evaluation::Task05_896,96,480.0,after,0.6500474940745122,0.5119568607248175
43,3_Evaluation::Task05_897,97,485.0,after,0.6450223820707366,0.5127793645846227
43,3_Evaluation::Task05_898,98,490.0,after,0.6399296336877528,0.5135308835998014
43,3_Evaluation::Task05_899,99,495.0,after,0.6348343440223017,0.5142095597227955
43,3_Evaluation::Task05_900,100,500.0,after,0.629823380464713,0.5148147864952131
43,3_Evaluation::Task05_906,101,505.0,after,0.624975208640159,0.5153560392223595
43,3_Evaluation::Task05_907,102,510.0,after,0.620365479494885,0.5158218327400431
43,3_Evaluation::Task05_908,103,515.0,after,0.6160747737876321,0.5162237113056481
43,3_Evaluation::Task05_909,104,520.0,after,0.6121545045680458,0.5165651139638443
43,3_Evaluation::Task05_910,105,525.0,after,0.6086788940321731,0.5168500252083434
43,3_Evaluation::Task05_926,106,530.0,after,0.6057019794562295,0.5170737727438022
43,3_Evaluation::Task05_927,107,535.0,after,0.603256821144827,0.5172536409684738
43,3_Evaluation::Task05_928,108,540.0,after,0.6013969217072523,0.5173776002628595
43,3_Evaluation::Task05_929,109,545.0,after,0.6001427024204808,0.5174638779610996
43,3_Evaluation::Task05_930,110,550.0,after,0.5995072820323175,0.5174988594833315
44,3_Evaluation::Task05_586,1,5.0,before,0.5496586239402704,0.5675866835372904
44,3_Evaluation::Task05_587,2,10.0,before,0.5490881712380286,0.5672149163688306
44,3_Evaluation::Task05_588,3,15.0,before,0.5479611736727783,0.566483342658561
44,3_Evaluation::Task05_589,4,20.0,before,0.5462881070597023,0.5653985450671963
44,3_Evaluation::Task05_590,5,25.0,before,0.5440847825435026,0.56397049923213
44,2_Stream_Sim_Drift::Task05_61,6,30.0,before,0.5413810519391727,0.5622212870483486
44,2_Stream_Sim_Drift::Task05_62,7,35.0,before,0.5382032826584481,0.560167586781874
44,2_Stream_Sim_Drift::Task05_63,8,40.0,before,0.5345740517618821,0.5578203931385646
44,2_Stream_Sim_Drift::Task05_64,9,45.0,before,0.5305290631566666,0.5552019753572056
44,2_Stream_Sim_Drift::Task05_65,10,50.0,before,0.5261078463287274,0.5523366359742924
44,3_Evaluation::Task05_611,11,55.0,before,0.5213444126139631,0.549241450456257
44,3_Evaluation::Task05_612,12,60.0,before,0.5162908641611684,0.5459499866880715
44,3_Evaluation::Task05_613,13,65.0,before,0.5109879711809309,0.5424830231138698
44,3_Evaluation::Task05_614,14,70.0,before,0.505500350961637,0.5388839013168513
44,3_Evaluation::Task05_615,15,75.0,before,0.499862901756624,0.5351651673272658
44,3_Evaluation::Task05_626,16,80.0,before,0.49415103773109864,0.5313790477308616
44,3_Evaluation::Task05_627,17,85.0,before,0.48839410823279117,0.5275311423017586
44,3_Evaluation::Task05_628,18,90.0,before,0.4826519937685636,0.5236573225202326
44,3_Evaluation::Task05_629,19,95.0,before,0.47697471205519004,0.5197836648519822
44,3_Evaluation::Task05_630,20,100.0,before,0.4714107720300828,0.5159351507962706
44,2_Stream_Sim_Drift::Task05_66,21,105.0,before,0.4659977077230892,0.5121265584917931
44,2_Stream_Sim_Drift::Task05_67,22,110.0,before,0.46079245264906504,0.5083931984109457
44,2_Stream_Sim_Drift::Task05_68,23,115.0,before,0.45582666591123083,0.504746595459707
44,2_Stream_Sim_Drift::Task05_69,24,120.0,before,0.45113718539252196,0.5012052835611445
44,2_Stream_Sim_Drift::Task05_70,25,125.0,before,0.4467656417159053,0.49779473702577115
44,3_Evaluation::Task05_661,26,130.0,before,0.4427251368839888,0.4945143335255549
44,3_Evaluation::Task05_662,27,135.0,before,0.43904825917058476,0.49138561179604345
44,3_Evaluation::Task05_663,28,140.0,before,0.435755998470204,0.4884213808123755
44,3_Evaluation::Task05_664,29,145.0,before,0.43286036002354594,0.4856373946974217
44,3_Evaluation::Task05_665,30,150.0,before,0.4303773331033831,0.48302348871385103
44,3_Evaluation::Task05_676,31,155.0,before,0.42829592647630205,0.48058498406464206
44,3_Evaluation::Task05_677,32,160.0,before,0.42662236961276634,0.47834066469713504
44,3_Evaluation::Task05_678,33,165.0,before,0.42535140873408833,0.47628351131755703
44,3_Evaluation::Task05_679,34,170.0,before,0.42447339830327635,0.474413798533747
44,3_Evaluation::Task05_680,35,175.0,before,0.4239835598329634,0.47272346951183636
44,2_Stream_Sim_Drift::Task05_71,36,180.0,before,0.42385830629614235,0.47123408595513744
44,2_Stream_Sim_Drift::Task05_72,37,185.0,before,0.42407097441257846,0.46991988848461896
44,2_Stream_Sim_Drift::Task05_73,38,190.0,before,0.4246075942608831,0.46878511595067757
44,2_Stream_Sim_Drift::Task05_74,39,195.0,before,0.4254433246506145,0.4678243292835884
44,2_Stream_Sim_Drift::Task05_75,40,200.0,before,0.42654297103681454,0.46703146706842996
44,3_Evaluation::Task05_711,41,205.0,before,0.4278855722698223,0.4663999762680984
44,3_Evaluation::Task05_712,42,210.0,before,0.42944961250434815,0.46592975608488724
44,3_Evaluation::Task05_713,43,215.0,before,0.43119820447468993,0.46560518714544563
44,3_Evaluation::Task05_714,44,220.0,before,0.43310359179636365,0.4654193277777717
44,3_Evaluation::Task05_715,45,225.0,before,0.4351475309112501,0.46536510478170556
44,3_Evaluation::Task05_726,46,230.0,before,0.43729754590455644,0.46542648791118174
44,3_Evaluation::Task05_727,47,235.0,before,0.43952248223700363,0.46559581937383954
44,3_Evaluation::Task05_728,48,240.0,before,0.4418079989944608,0.46587385338613585
44,3_Evaluation::Task05_729,49,245.0,before,0.4441326416817497,0.4662525078704236
44,3_Evaluation::Task05_730,50,250.0,before,0.4464679287641453,0.46672377732894643
44,2_Stream_Sim_Drift::Task05_76,51,255.0,before,0.4488024567466785,0.4672797168620646
44,2_Stream_Sim_Drift::Task05_77,52,260.0,before,0.4511265998360906,0.4679192418524585
44,2_Stream_Sim_Drift::Task05_78,53,265.0,before,0.45341717043147656,0.4686260217588764
44,2_Stream_Sim_Drift::Task05_79,54,270.0,before,0.4556614075531432,0.469392555337373
44,2_Stream_Sim_Drift::Task05_80,55,275.0,before,0.45785687182454465,0.4702112591103163
44,3_Evaluation::Task05_766,56,280.0,before,0.459987256012724,0.47108340622345873
44,3_Evaluation::Task05_767,57,285.0,before,0.4620375500900616,0.471988264873682
44,3_Evaluation::Task05_768,58,290.0,before,0.46400921000697304,0.4729273341619751
44,3_Evaluation::Task05_769,59,295.0,before,0.46589597816707345,0.4738935099799357
44,3_Evaluation::Task05_770,60,300.0,before,0.4676837910528467,0.47488007643058067
44,3_Evaluation::Task05_776,61,305.0,before,0.4693747774097135,0.47588078989612365
44,3_Evaluation::Task05_777,62,310.0,before,0.4709650994676393,0.47688997474245687
44,3_Evaluation::Task05_778,63,315.0,before,0.4724517207258637,0.4779026262143242
44,3_Evaluation::Task05_779,64,320.0,before,0.47383237338161455,0.47891451534668417
44,3_Evaluation::Task05_780,65,325.0,before,0.4751055409282781,0.47992229024656635
44,3_Evaluation::Task05_796,66,330.0,before,0.47627937403587844,0.480914645423927
44,3_Evaluation::Task05_797,67,335.0,before,0.4773455192258739,0.48190328395464604
44,3_Evaluation::Task05_798,68,340.0,before,0.47831213568238773,0.48287877050915606
44,3_Evaluation::Task05_799,69,345.0,before,0.47916608910644926,0.4838414381464599
44,3_Evaluation::Task05_800,70,350.0,before,0.47992596069032106,0.484792448744968
44,3_Evaluation::Task05_806,71,355.0,before,0.4805890677200358,0.4857337354690148
44,3_Evaluation::Task05_807,72,360.0,before,0.4811535501600325,0.48667000789952586
44,3_Evaluation::Task05_808,73,365.0,before,0.4816336180456159,0.48760663426891
44,3_Evaluation::Task05_809,74,370.0,before,0.48203541817434115,0.4885474915058847
44,3_Evaluation::Task05_810,75,375.0,before,0.48235694982254945,0.4894879530742981
44,3_Evaluation::Task05_826,76,380.0,before,0.4826120299780687,0.4904476684186097
44,3_Evaluation::Task05_827,77,385.0,before,0.4828148793335874,0.4914220584430031
44,3_Evaluation::Task05_828,78,390.0,before,0.48296469031829875,0.49241297793388844
44,3_Evaluation::Task05_829,79,395.0,before,0.4830695394684021,0.4934236580548062
44,3_Evaluation::Task05_830,80,400.0,before,0.4831462184059166,0.49445639509809997
44,3_Evaluation::Task05_846,81,405.0,before,0.48319598881290565,0.4955212859047739
44,3_Evaluation::Task05_847,82,410.0,before,0.48321077517701694,0.4966051851694391
44,3_Evaluation::Task05_848,83,415.0,before,0.48321235450874633,0.497715789533123
44,3_Evaluation::Task05_849,84,420.0,before,0.48320601870575536,0.4988506876193151
44,3_Evaluation::Task05_850,85,425.0,before,0.48319615143945616,0.5000062772102627
44,3_Evaluation::Task05_856,86,430.0,before,0.4831860873367538,0.5011688986822381
44,3_Evaluation::Task05_857,87,435.0,before,0.4831848172273218,0.502345837159033
44,3_Evaluation::Task05_858,88,440.0,after,0.7196743799966973,0.5035144746057225
44,3_Evaluation::Task05_859,89,445.0,after,0.7192295930251505,0.5046822970993122
44,3_Evaluation::Task05_860,90,450.0,after,0.7183483114404642,0.5058320431952165
44,3_Evaluation::Task05_876,91,455.0,after,0.7170469787685413,0.5069638909201872
44,3_Evaluation::Task05_877,92,460.0,after,0.7153409870251383,0.5080559346786321
44,3_Evaluation::Task05_878,93,465.0,after,0.7132751474127534,0.5091154883405247
44,3_Evaluation::Task05_879,94,470.0,after,0.7108810478891563,0.5101263858297947
44,3_Evaluation::Task05_880,95,475.0,after,0.7082031833118593,0.5110754275251717
44,3_Evaluation::Task05_896,96,480.0,after,0.7052892467448203,0.5119568607248175
44,3_Evaluation::Task05_897,97,485.0,after,0.7021865064441304,0.5127793645846227
44,3_Evaluation::Task05_898,98,490.0,after,0.6989608112896522,0.5135308835998014
44,3_Evaluation::Task05_899,99,495.0,after,0.6956803701492942,0.5142095597227955
44,3_Evaluation::Task05_900,100,500.0,after,0.6923905567626288,0.5148147864952131
44,3_Evaluation::Task05_906,101,505.0,after,0.6891589309348828,0.5153560392223595
44,3_Evaluation::Task05_907,102,510.0,after,0.6860540859906225,0.5158218327400431
44,3_Evaluation::Task05_908,103,515.0,after,0.6831272406571433,0.5162237113056481
44,3_Evaluation::Task05_909,104,520.0,after,0.6804332246308308,0.5165651139638443
44,3_Evaluation::Task05_910,105,525.0,after,0.6780226144302902,0.5168500252083434
44,3_Evaluation::Task05_926,106,530.0,after,0.6759407656601408,0.5170737727438022
44,3_Evaluation::Task05_927,107,535.0,after,0.6742269429248855,0.5172536409684738
44,3_Evaluation::Task05_928,108,540.0,after,0.6729135658241554,0.5173776002628595
44,3_Evaluation::Task05_929,109,545.0,after,0.6720324061504189,0.5174638779610996
44,3_Evaluation::Task05_930,110,550.0,after,0.6715831025363439,0.5174988594833315
