模型,种子,组ID,负载倍数,方法,窗口准确率,测试样本数,适配器评估样本数,就绪秒,覆盖率,推理配置ID,重训练配置ID,推理资源份额
qwen35,42,perception_a1_2_land_cover_classification__reasoning_b1_1_spatial_relationship_reasoning,0.1,NoRetrain,0.5862068965517241,29,0,,1.0,qwen35_08b_bf16_res672_tok16_full_keep100_b1,,1.0
qwen35,42,perception_a1_2_land_cover_classification__reasoning_b1_1_spatial_relationship_reasoning,0.1,Periodic,0.7241379310344828,29,18,110.3094839254822,1.0,qwen35_08b_bf16_res672_tok16_full_keep100_b1,plain_r4_s10,0.5
qwen35,42,perception_a1_2_land_cover_classification__reasoning_b1_1_spatial_relationship_reasoning,0.1,Static,0.7586206896551724,29,23,56.5262,1.0,qwen35_08b_bf16_res672_tok16_full_keep100_b1,plain_r4_s10,0.5
qwen35,42,perception_a1_2_land_cover_classification__reasoning_b1_1_spatial_relationship_reasoning,0.1,EWC,0.6551724137931034,29,12,178.73853744145632,1.0,qwen35_08b_bf16_res672_tok16_full_keep100_b1,ewc_r4_s10,0.5
qwen35,42,perception_a1_2_land_cover_classification__reasoning_b1_1_spatial_relationship_reasoning,0.1,SADA,0.9310344827586207,29,26,31.400890081271072,1.0,qwen35_08b_fp16_res672_tok16_uniform_token_keep075_b1,plain_r8_s10,0.026421357891382256
qwen35,42,perception_a1_2_land_cover_classification__reasoning_b1_1_spatial_relationship_reasoning,0.25,NoRetrain,0.5862068965517241,29,0,,1.0,qwen35_08b_bf16_res672_tok16_full_keep100_b1,,1.0
qwen35,42,perception_a1_2_land_cover_classification__reasoning_b1_1_spatial_relationship_reasoning,0.25,Periodic,0.6551724137931034,29,10,78.03951357019288,1.0,qwen35_08b_bf16_res672_tok16_full_keep100_b1,plain_r4_s10,0.5
qwen35,42,perception_a1_2_land_cover_classification__reasoning_b1_1_spatial_relationship_reasoning,0.25,Static,0.7241379310344828,29,15,56.5262,1.0,qwen35_08b_bf16_res672_tok16_full_keep100_b1,plain_r4_s10,0.5
qwen35,42,perception_a1_2_land_cover_classification__reasoning_b1_1_spatial_relationship_reasoning,0.25,EWC,0.5862068965517241,29,0,178.73853744145632,1.0,qwen35_08b_bf16_res672_tok16_full_keep100_b1,ewc_r4_s10,0.5
qwen35,42,perception_a1_2_land_cover_classification__reasoning_b1_1_spatial_relationship_reasoning,0.25,SADA,0.8620689655172413,29,21,32.60608223631868,1.0,qwen35_08b_fp16_res672_tok16_uniform_token_keep075_b1,plain_r8_s10,0.06605339472845563
qwen35,42,perception_a1_2_land_cover_classification__reasoning_b1_1_spatial_relationship_reasoning,0.5,NoRetrain,0.5862068965517241,29,0,,1.0,qwen35_08b_bf16_res672_tok16_full_keep100_b1,,1.0
qwen35,42,perception_a1_2_land_cover_classification__reasoning_b1_1_spatial_relationship_reasoning,0.5,Periodic,0.5862068965517241,29,0,67.28285678509644,1.0,qwen35_08b_bf16_res672_tok16_full_keep100_b1,plain_r4_s10,0.5
qwen35,42,perception_a1_2_land_cover_classification__reasoning_b1_1_spatial_relationship_reasoning,0.5,Static,0.5862068965517241,29,2,56.5262,1.0,qwen35_08b_bf16_res672_tok16_full_keep100_b1,plain_r4_s10,0.5
qwen35,42,perception_a1_2_land_cover_classification__reasoning_b1_1_spatial_relationship_reasoning,0.5,EWC,0.5862068965517241,29,0,178.73853744145632,1.0,qwen35_08b_bf16_res672_tok16_full_keep100_b1,ewc_r4_s10,0.5
qwen35,42,perception_a1_2_land_cover_classification__reasoning_b1_1_spatial_relationship_reasoning,0.5,SADA,0.7931034482758621,29,12,34.859334379050566,1.0,qwen35_08b_fp16_res672_tok16_uniform_token_keep075_b1,plain_r8_s10,0.13210678945691126
qwen35,42,perception_a1_2_land_cover_classification__reasoning_b1_1_spatial_relationship_reasoning,0.75,NoRetrain,0.5862068965517241,29,0,,1.0,qwen35_08b_bf16_res672_tok16_full_keep100_b1,,1.0
qwen35,42,perception_a1_2_land_cover_classification__reasoning_b1_1_spatial_relationship_reasoning,0.75,Periodic,0.5862068965517241,29,0,63.69730452339763,1.0,qwen35_08b_bf16_res672_tok16_full_keep100_b1,plain_r4_s10,0.5
qwen35,42,perception_a1_2_land_cover_classification__reasoning_b1_1_spatial_relationship_reasoning,0.75,Static,0.5862068965517241,29,0,56.5262,1.0,qwen35_08b_bf16_res672_tok16_full_keep100_b1,plain_r4_s10,0.5
qwen35,42,perception_a1_2_land_cover_classification__reasoning_b1_1_spatial_relationship_reasoning,0.75,EWC,0.5862068965517241,29,0,178.73853744145632,1.0,qwen35_08b_bf16_res672_tok16_full_keep100_b1,ewc_r4_s10,0.5
qwen35,42,perception_a1_2_land_cover_classification__reasoning_b1_1_spatial_relationship_reasoning,0.75,SADA,0.6206896551724138,29,0,,1.0,qwen35_08b_fp16_res672_tok16_uniform_token_keep075_b1,,0.1981601841853669
qwen35,42,perception_a1_2_land_cover_classification__reasoning_b1_1_spatial_relationship_reasoning,1.0,NoRetrain,0.5862068965517241,29,0,,1.0,qwen35_08b_bf16_res672_tok16_full_keep100_b1,,1.0
qwen35,42,perception_a1_2_land_cover_classification__reasoning_b1_1_spatial_relationship_reasoning,1.0,Periodic,0.5862068965517241,29,0,61.90452839254822,1.0,qwen35_08b_bf16_res672_tok16_full_keep100_b1,plain_r4_s10,0.5
qwen35,42,perception_a1_2_land_cover_classification__reasoning_b1_1_spatial_relationship_reasoning,1.0,Static,0.5862068965517241,29,0,56.5262,1.0,qwen35_08b_bf16_res672_tok16_full_keep100_b1,plain_r4_s10,0.5
qwen35,42,perception_a1_2_land_cover_classification__reasoning_b1_1_spatial_relationship_reasoning,1.0,EWC,0.5862068965517241,29,0,178.73853744145632,1.0,qwen35_08b_bf16_res672_tok16_full_keep100_b1,ewc_r4_s10,0.5
qwen35,42,perception_a1_2_land_cover_classification__reasoning_b1_1_spatial_relationship_reasoning,1.0,SADA,0.6206896551724138,29,0,,1.0,qwen35_08b_fp16_res672_tok16_uniform_token_keep075_b1,,0.2642135789138225
qwen35,42,perception_a1_2_land_cover_classification__reasoning_b1_1_spatial_relationship_reasoning,2.0,NoRetrain,0.5862068965517241,29,0,,1.0,qwen35_08b_bf16_res672_tok16_full_keep100_b1,,1.0
qwen35,42,perception_a1_2_land_cover_classification__reasoning_b1_1_spatial_relationship_reasoning,2.0,Periodic,0.5862068965517241,29,0,59.215364196274116,0.9999999999999999,qwen35_08b_bf16_res672_tok16_full_keep100_b1,plain_r4_s10,0.5
qwen35,42,perception_a1_2_land_cover_classification__reasoning_b1_1_spatial_relationship_reasoning,2.0,Static,0.5862068965517241,29,0,56.5262,0.9999999999999999,qwen35_08b_bf16_res672_tok16_full_keep100_b1,plain_r4_s10,0.5
qwen35,42,perception_a1_2_land_cover_classification__reasoning_b1_1_spatial_relationship_reasoning,2.0,EWC,0.5862068965517241,29,0,178.73853744145632,0.9999999999999999,qwen35_08b_bf16_res672_tok16_full_keep100_b1,ewc_r4_s10,0.5
qwen35,42,perception_a1_2_land_cover_classification__reasoning_b1_1_spatial_relationship_reasoning,2.0,SADA,0.6206896551724138,29,0,,1.0,qwen35_08b_fp16_res672_tok16_uniform_token_keep075_b1,,0.528427157827645
qwen35,42,perception_a1_2_land_cover_classification__reasoning_b1_1_spatial_relationship_reasoning,4.0,NoRetrain,0.586206896551724,29,0,,0.9999999999999999,qwen35_08b_bf16_res672_tok16_full_keep100_b1,,1.0
qwen35,42,perception_a1_2_land_cover_classification__reasoning_b1_1_spatial_relationship_reasoning,4.0,Periodic,0.4655172413793103,29,0,57.870782098137056,0.49999999999999994,qwen35_08b_bf16_res672_tok16_full_keep100_b1,plain_r4_s10,0.5
qwen35,42,perception_a1_2_land_cover_classification__reasoning_b1_1_spatial_relationship_reasoning,4.0,Static,0.4655172413793103,29,0,56.5262,0.49999999999999994,qwen35_08b_bf16_res672_tok16_full_keep100_b1,plain_r4_s10,0.5
qwen35,42,perception_a1_2_land_cover_classification__reasoning_b1_1_spatial_relationship_reasoning,4.0,EWC,0.4655172413793103,29,0,178.73853744145632,0.49999999999999994,qwen35_08b_bf16_res672_tok16_full_keep100_b1,ewc_r4_s10,0.5
qwen35,42,perception_a1_2_land_cover_classification__reasoning_b1_1_spatial_relationship_reasoning,4.0,SADA,0.5872991631657032,29,0,,0.9462042073225218,qwen35_08b_fp16_res672_tok16_uniform_token_keep075_b1,,1.0
qwen35,42,perception_a1_2_land_cover_classification__reasoning_b3_2_disaster_cause_inference,0.1,NoRetrain,0.3448275862068966,58,0,,1.0,qwen35_08b_bf16_res672_tok16_full_keep100_b1,,1.0
qwen35,42,perception_a1_2_land_cover_classification__reasoning_b3_2_disaster_cause_inference,0.1,Periodic,0.4827586206896552,58,46,122.18488392548221,1.0,qwen35_08b_bf16_res672_tok16_full_keep100_b1,plain_r4_s10,0.5
qwen35,42,perception_a1_2_land_cover_classification__reasoning_b3_2_disaster_cause_inference,0.1,Static,0.5,58,51,68.4016,1.0,qwen35_08b_bf16_res672_tok16_full_keep100_b1,plain_r4_s10,0.5
qwen35,42,perception_a1_2_land_cover_classification__reasoning_b3_2_disaster_cause_inference,0.1,EWC,0.4482758620689655,58,39,195.48136359502075,1.0,qwen35_08b_bf16_res672_tok16_full_keep100_b1,ewc_r4_s10,0.5
qwen35,42,perception_a1_2_land_cover_classification__reasoning_b3_2_disaster_cause_inference,0.1,SADA,0.41379310344827586,58,55,25.544763258632823,1.0,qwen35_08b_fp16_res672_tok16_uniform_token_keep075_b1,plain_r4_s5,0.026421357891382256
qwen35,42,perception_a1_2_land_cover_classification__reasoning_b3_2_disaster_cause_inference,0.25,NoRetrain,0.3448275862068966,58,0,,1.0,qwen35_08b_bf16_res672_tok16_full_keep100_b1,,1.0
qwen35,42,perception_a1_2_land_cover_classification__reasoning_b3_2_disaster_cause_inference,0.25,Periodic,0.4827586206896552,58,37,89.91491357019288,1.0,qwen35_08b_bf16_res672_tok16_full_keep100_b1,plain_r4_s10,0.5
qwen35,42,perception_a1_2_land_cover_classification__reasoning_b3_2_disaster_cause_inference,0.25,Static,0.5,58,42,68.4016,1.0,qwen35_08b_bf16_res672_tok16_full_keep100_b1,plain_r4_s10,0.5
qwen35,42,perception_a1_2_land_cover_classification__reasoning_b3_2_disaster_cause_inference,0.25,EWC,0.39655172413793105,58,12,195.48136359502075,1.0,qwen35_08b_bf16_res672_tok16_full_keep100_b1,ewc_r4_s10,0.5
qwen35,42,perception_a1_2_land_cover_classification__reasoning_b3_2_disaster_cause_inference,0.25,SADA,0.41379310344827586,58,51,26.50145059269027,1.0,qwen35_08b_fp16_res672_tok16_uniform_token_keep075_b1,plain_r4_s5,0.06605339472845563
qwen35,42,perception_a1_2_land_cover_classification__reasoning_b3_2_disaster_cause_inference,0.5,NoRetrain,0.3448275862068966,58,0,,1.0,qwen35_08b_bf16_res672_tok16_full_keep100_b1,,1.0
qwen35,42,perception_a1_2_land_cover_classification__reasoning_b3_2_disaster_cause_inference,0.5,Periodic,0.39655172413793105,58,21,79.15825678509644,1.0,qwen35_08b_bf16_res672_tok16_full_keep100_b1,plain_r4_s10,0.5
qwen35,42,perception_a1_2_land_cover_classification__reasoning_b3_2_disaster_cause_inference,0.5,Static,0.4482758620689655,58,26,68.4016,1.0,qwen35_08b_bf16_res672_tok16_full_keep100_b1,plain_r4_s10,0.5
qwen35,42,perception_a1_2_land_cover_classification__reasoning_b3_2_disaster_cause_inference,0.5,EWC,0.3448275862068966,58,0,195.48136359502075,1.0,qwen35_08b_bf16_res672_tok16_full_keep100_b1,ewc_r4_s10,0.5
qwen35,42,perception_a1_2_land_cover_classification__reasoning_b3_2_disaster_cause_inference,0.5,SADA,0.43103448275862066,58,44,28.29009298997193,1.0,qwen35_08b_fp16_res672_tok16_uniform_token_keep075_b1,plain_r4_s5,0.13210678945691126
qwen35,42,perception_a1_2_land_cover_classification__reasoning_b3_2_disaster_cause_inference,0.75,NoRetrain,0.3448275862068966,58,0,,1.0,qwen35_08b_bf16_res672_tok16_full_keep100_b1,,1.0
qwen35,42,perception_a1_2_land_cover_classification__reasoning_b3_2_disaster_cause_inference,0.75,Periodic,0.3620689655172414,58,5,75.57270452339763,1.0,qwen35_08b_bf16_res672_tok16_full_keep100_b1,plain_r4_s10,0.5
qwen35,42,perception_a1_2_land_cover_classification__reasoning_b3_2_disaster_cause_inference,0.75,Static,0.41379310344827586,58,10,68.4016,1.0,qwen35_08b_bf16_res672_tok16_full_keep100_b1,plain_r4_s10,0.5
qwen35,42,perception_a1_2_land_cover_classification__reasoning_b3_2_disaster_cause_inference,0.75,EWC,0.3448275862068966,58,0,195.48136359502075,1.0,qwen35_08b_bf16_res672_tok16_full_keep100_b1,ewc_r4_s10,0.5
qwen35,42,perception_a1_2_land_cover_classification__reasoning_b3_2_disaster_cause_inference,0.75,SADA,0.43103448275862066,58,36,30.373422430639348,1.0,qwen35_08b_fp16_res672_tok16_uniform_token_keep075_b1,plain_r4_s5,0.1981601841853669
qwen35,42,perception_a1_2_land_cover_classification__reasoning_b3_2_disaster_cause_inference,1.0,NoRetrain,0.3448275862068966,58,0,,1.0,qwen35_08b_bf16_res672_tok16_full_keep100_b1,,1.0
qwen35,42,perception_a1_2_land_cover_classification__reasoning_b3_2_disaster_cause_inference,1.0,Periodic,0.3448275862068966,58,0,73.77992839254823,1.0,qwen35_08b_bf16_res672_tok16_full_keep100_b1,plain_r4_s10,0.5
qwen35,42,perception_a1_2_land_cover_classification__reasoning_b3_2_disaster_cause_inference,1.0,Static,0.3448275862068966,58,0,68.4016,1.0,qwen35_08b_bf16_res672_tok16_full_keep100_b1,plain_r4_s10,0.5
qwen35,42,perception_a1_2_land_cover_classification__reasoning_b3_2_disaster_cause_inference,1.0,EWC,0.3448275862068966,58,0,195.48136359502075,1.0,qwen35_08b_bf16_res672_tok16_full_keep100_b1,ewc_r4_s10,0.5
qwen35,42,perception_a1_2_land_cover_classification__reasoning_b3_2_disaster_cause_inference,1.0,SADA,0.41379310344827586,58,27,32.830803302401875,1.0,qwen35_08b_fp16_res672_tok16_uniform_token_keep075_b1,plain_r4_s5,0.2642135789138225
qwen35,42,perception_a1_2_land_cover_classification__reasoning_b3_2_disaster_cause_inference,2.0,NoRetrain,0.3448275862068966,58,0,,1.0,qwen35_08b_bf16_res672_tok16_full_keep100_b1,,1.0
qwen35,42,perception_a1_2_land_cover_classification__reasoning_b3_2_disaster_cause_inference,2.0,Periodic,0.34482758620689646,58,0,71.09076419627411,0.9999999999999999,qwen35_08b_bf16_res672_tok16_full_keep100_b1,plain_r4_s10,0.5
qwen35,42,perception_a1_2_land_cover_classification__reasoning_b3_2_disaster_cause_inference,2.0,Static,0.34482758620689646,58,0,68.4016,0.9999999999999999,qwen35_08b_bf16_res672_tok16_full_keep100_b1,plain_r4_s10,0.5
qwen35,42,perception_a1_2_land_cover_classification__reasoning_b3_2_disaster_cause_inference,2.0,EWC,0.34482758620689646,58,0,195.48136359502075,0.9999999999999999,qwen35_08b_bf16_res672_tok16_full_keep100_b1,ewc_r4_s10,0.5
qwen35,42,perception_a1_2_land_cover_classification__reasoning_b3_2_disaster_cause_inference,2.0,SADA,0.39655172413793105,58,0,,1.0,qwen35_08b_bf16_res672_tok16_uniform_token_keep075_b1,,0.44896504908044915
qwen35,42,perception_a1_2_land_cover_classification__reasoning_b3_2_disaster_cause_inference,4.0,NoRetrain,0.34482758620689646,58,0,,0.9999999999999999,qwen35_08b_bf16_res672_tok16_full_keep100_b1,,1.0
qwen35,42,perception_a1_2_land_cover_classification__reasoning_b3_2_disaster_cause_inference,4.0,Periodic,0.2068965517241379,58,0,69.74618209813706,0.49999999999999994,qwen35_08b_bf16_res672_tok16_full_keep100_b1,plain_r4_s10,0.5
qwen35,42,perception_a1_2_land_cover_classification__reasoning_b3_2_disaster_cause_inference,4.0,Static,0.2068965517241379,58,0,68.4016,0.49999999999999994,qwen35_08b_bf16_res672_tok16_full_keep100_b1,plain_r4_s10,0.5
qwen35,42,perception_a1_2_land_cover_classification__reasoning_b3_2_disaster_cause_inference,4.0,EWC,0.2068965517241379,58,0,195.48136359502075,0.49999999999999994,qwen35_08b_bf16_res672_tok16_full_keep100_b1,ewc_r4_s10,0.5
qwen35,42,perception_a1_2_land_cover_classification__reasoning_b3_2_disaster_cause_inference,4.0,SADA,0.39655172413793105,58,0,,1.0,qwen35_08b_bf16_res672_tok16_uniform_token_keep075_b1,,0.8979300981608983
remoteclip,42,remoteclip,0.1,NoRetrain,0.19607843137254902,51,0,,1.0,rc_r50_keep100_fp32_b32,,1.0
remoteclip,42,remoteclip,0.1,Periodic,0.4117647058823529,51,45,18.532622079677033,1.0,rc_r50_keep100_fp32_b32,head_u16,0.5
remoteclip,42,remoteclip,0.1,Static,0.45098039215686275,51,50,0.5016265884041786,1.0,rc_r50_keep100_fp32_b32,head_u16,0.5
remoteclip,42,remoteclip,0.1,EWC,0.47058823529411764,51,50,0.5086360946297646,1.0,rc_r50_keep100_fp32_b32,head_u16_ewc,0.5
remoteclip,42,remoteclip,0.1,SADA,0.7843137254901961,51,50,0.5117436611450983,1.0,rc_r50_keep050_fp32_b32,head_ep3,0.027628987185422206
remoteclip,42,remoteclip,0.25,NoRetrain,0.19607843137254902,51,0,,1.0,rc_r50_keep100_fp32_b32,,1.0
remoteclip,42,remoteclip,0.25,Periodic,0.4117647058823529,51,45,7.714024784913321,1.0,rc_r50_keep100_fp32_b32,head_u16,0.5
remoteclip,42,remoteclip,0.25,Static,0.45098039215686275,51,50,0.5016265884041786,1.0,rc_r50_keep100_fp32_b32,head_u16,0.5
remoteclip,42,remoteclip,0.25,EWC,0.47058823529411764,51,50,0.5086360946297646,1.0,rc_r50_keep100_fp32_b32,head_u16_ewc,0.5
remoteclip,42,remoteclip,0.25,SADA,0.7843137254901961,51,50,0.5122664711149217,1.0,rc_r50_keep050_fp32_b32,head_ep3,0.06907246796355551
remoteclip,42,remoteclip,0.5,NoRetrain,0.19607843137254902,51,0,,1.0,rc_r50_keep100_fp32_b32,,1.0
remoteclip,42,remoteclip,0.5,Periodic,0.4117647058823529,51,45,4.1078256866587495,1.0,rc_r50_keep100_fp32_b32,head_u16,0.5
remoteclip,42,remoteclip,0.5,Static,0.45098039215686275,51,50,0.5016265884041786,1.0,rc_r50_keep100_fp32_b32,head_u16,0.5
remoteclip,42,remoteclip,0.5,EWC,0.47058823529411764,51,50,0.5086360946297646,1.0,rc_r50_keep100_fp32_b32,head_u16_ewc,0.5
remoteclip,42,remoteclip,0.5,SADA,0.7843137254901961,51,50,0.5132495545455711,1.0,rc_r50_keep050_fp32_b32,head_ep3,0.13814493592711102
remoteclip,42,remoteclip,0.75,NoRetrain,0.19607843137254902,51,0,,1.0,rc_r50_keep100_fp32_b32,,1.0
remoteclip,42,remoteclip,0.75,Periodic,0.4117647058823529,51,44,2.905759320573893,1.0,rc_r50_keep100_fp32_b32,head_u16,0.5
remoteclip,42,remoteclip,0.75,Static,0.43137254901960786,51,49,0.5016265884041786,1.0,rc_r50_keep100_fp32_b32,head_u16,0.5
remoteclip,42,remoteclip,0.75,EWC,0.45098039215686275,51,49,0.5086360946297646,1.0,rc_r50_keep100_fp32_b32,head_u16_ewc,0.5
remoteclip,42,remoteclip,0.75,SADA,0.7647058823529411,51,49,0.5144039434491263,1.0,rc_r50_keep050_fp32_b32,head_ep3,0.2072174038906665
remoteclip,42,remoteclip,1.0,NoRetrain,0.19607843137254902,51,0,,1.0,rc_r50_keep100_fp32_b32,,1.0
remoteclip,42,remoteclip,1.0,Periodic,0.4117647058823529,51,44,2.304726137531464,1.0,rc_r50_keep100_fp32_b32,head_u16,0.5
remoteclip,42,remoteclip,1.0,Static,0.43137254901960786,51,49,0.5016265884041786,1.0,rc_r50_keep100_fp32_b32,head_u16,0.5
remoteclip,42,remoteclip,1.0,EWC,0.45098039215686275,51,49,0.5086360946297646,1.0,rc_r50_keep100_fp32_b32,head_u16_ewc,0.5
remoteclip,42,remoteclip,1.0,SADA,0.7647058823529411,51,49,0.5157786871258353,1.0,rc_r50_keep050_fp32_b32,head_ep3,0.27628987185422205
remoteclip,42,remoteclip,2.0,NoRetrain,0.19607843137254902,51,0,,1.0,rc_r50_keep100_fp32_b32,,1.0
remoteclip,42,remoteclip,2.0,Periodic,0.39215686274509803,51,43,1.4031763629678213,1.0,rc_r50_keep100_fp32_b32,head_u16,0.5
remoteclip,42,remoteclip,2.0,Static,0.43137254901960786,51,48,0.5016265884041786,1.0,rc_r50_keep100_fp32_b32,head_u16,0.5
remoteclip,42,remoteclip,2.0,EWC,0.45098039215686275,51,48,0.5086360946297646,1.0,rc_r50_keep100_fp32_b32,head_u16_ewc,0.5
remoteclip,42,remoteclip,2.0,SADA,0.7450980392156863,51,48,0.5255223037429249,1.0,rc_r50_keep050_fp32_b32,head_ep3,0.5525797437084441
remoteclip,42,remoteclip,4.0,NoRetrain,0.19607843137254902,51,0,,1.0,rc_r50_keep100_fp32_b32,,1.0
remoteclip,42,remoteclip,4.0,Periodic,0.18627450980392157,51,40,0.952401475686,0.5,rc_r50_keep100_fp32_b32,head_u16,0.5
remoteclip,42,remoteclip,4.0,Static,0.20588235294117646,51,45,0.5016265884041786,0.5,rc_r50_keep100_fp32_b32,head_u16,0.5
remoteclip,42,remoteclip,4.0,EWC,0.21568627450980393,51,45,0.5086360946297646,0.5,rc_r50_keep100_fp32_b32,head_u16_ewc,0.5
remoteclip,42,remoteclip,4.0,SADA,0.5835294117647059,51,42,0.7369497902691362,0.96,rc_r50_keep100_fp32_b32,head_ep3,0.96
resnet18,42,resnet18,0.1,NoRetrain,0.27450980392156865,51,0,,1.0,resnet18_keep100_fp32_b32,,1.0
resnet18,42,resnet18,0.1,Periodic,0.29411764705882354,51,45,4.9928695983437725,1.0,resnet18_keep100_fp32_b32,head_u16,0.5
resnet18,42,resnet18,0.1,Static,0.29411764705882354,51,50,0.5010637938976288,1.0,resnet18_keep100_fp32_b32,head_u16,0.5
resnet18,42,resnet18,0.1,EWC,0.3137254901960784,51,50,0.5060143694281578,1.0,resnet18_keep100_fp32_b32,head_u16_ewc,0.5
resnet18,42,resnet18,0.1,SADA,0.7647058823529411,51,50,0.5163658745611439,1.0,resnet18_input672_fp32,head_ep5,0.07340307640660804
resnet18,42,resnet18,0.25,NoRetrain,0.27450980392156865,51,0,,1.0,resnet18_keep100_fp32_b32,,1.0
resnet18,42,resnet18,0.25,Periodic,0.29411764705882354,51,44,2.297786115676086,1.0,resnet18_keep100_fp32_b32,head_u16,0.5
resnet18,42,resnet18,0.25,Static,0.29411764705882354,51,49,0.5010637938976288,1.0,resnet18_keep100_fp32_b32,head_u16,0.5
resnet18,42,resnet18,0.25,EWC,0.3137254901960784,51,49,0.5060143694281578,1.0,resnet18_keep100_fp32_b32,head_u16_ewc,0.5
resnet18,42,resnet18,0.25,SADA,0.7450980392156863,51,49,0.5185728253082396,1.0,resnet18_input672_fp32,head_ep5,0.1835076910165201
resnet18,42,resnet18,0.5,NoRetrain,0.27450980392156865,51,0,,1.0,resnet18_keep100_fp32_b32,,1.0
resnet18,42,resnet18,0.5,Periodic,0.29411764705882354,51,43,1.3994249547868574,1.0,resnet18_keep100_fp32_b32,head_u16,0.5
resnet18,42,resnet18,0.5,Static,0.27450980392156865,51,48,0.5010637938976288,1.0,resnet18_keep100_fp32_b32,head_u16,0.5
resnet18,42,resnet18,0.5,EWC,0.29411764705882354,51,48,0.5060143694281578,1.0,resnet18_keep100_fp32_b32,head_u16_ewc,0.5
resnet18,42,resnet18,0.5,SADA,0.7254901960784313,51,48,0.5239572472850562,1.0,resnet18_input672_fp32,head_ep5,0.3670153820330402
resnet18,42,resnet18,0.75,NoRetrain,0.27450980392156865,51,0,,1.0,resnet18_keep100_fp32_b32,,1.0
resnet18,42,resnet18,0.75,Periodic,0.27210330271463395,51,41,1.099971234490448,0.9905591106497177,resnet18_keep100_fp32_b32,head_u16,0.5
resnet18,42,resnet18,0.75,Static,0.2915260303744323,51,46,0.5010637938976288,0.9905591106497177,resnet18_keep100_fp32_b32,head_u16,0.5
resnet18,42,resnet18,0.75,EWC,0.31094875803423067,51,46,0.5060143694281578,0.9905591106497177,resnet18_keep100_fp32_b32,head_u16_ewc,0.5
resnet18,42,resnet18,0.75,SADA,0.7058823529411765,51,46,0.5337382590985441,1.0,resnet18_input672_fp32,head_ep5,0.5505230730495603
resnet18,42,resnet18,1.0,NoRetrain,0.27450980392156865,51,0,,1.0,resnet18_keep100_fp32_b32,,1.0
resnet18,42,resnet18,1.0,Periodic,0.2089794378202892,51,40,0.9502443743422431,0.7429193329872883,resnet18_keep100_fp32_b32,head_u16,0.5
resnet18,42,resnet18,1.0,Static,0.22354648356513798,51,45,0.5010637938976288,0.7429193329872883,resnet18_keep100_fp32_b32,head_u16,0.5
resnet18,42,resnet18,1.0,EWC,0.23811352930998675,51,45,0.5060143694281578,0.7429193329872883,resnet18_keep100_fp32_b32,head_u16_ewc,0.5
resnet18,42,resnet18,1.0,SADA,0.6666666666666666,51,44,0.5570162521504516,1.0,resnet18_input672_fp32,head_ep5,0.7340307640660804
resnet18,42,resnet18,2.0,NoRetrain,0.20393864042788307,51,0,,0.7429193329872883,resnet18_keep100_fp32_b32,,1.0
resnet18,42,resnet18,2.0,Periodic,0.11653636595879031,51,34,0.7256540841199359,0.37145966649364415,resnet18_keep100_fp32_b32,head_u16,0.5
resnet18,42,resnet18,2.0,Static,0.11653636595879031,51,39,0.5010637938976288,0.37145966649364415,resnet18_keep100_fp32_b32,head_u16,0.5
resnet18,42,resnet18,2.0,EWC,0.12381988883121471,51,39,0.5060143694281578,0.37145966649364415,resnet18_keep100_fp32_b32,head_u16_ewc,0.5
resnet18,42,resnet18,2.0,SADA,0.3741781040872827,51,35,0.683646287769079,0.7332185267698684,resnet18_input96_fp16,head_ep3,0.96
resnet18,42,resnet18,4.0,NoRetrain,0.10196932021394153,51,0,,0.37145966649364415,resnet18_keep100_fp32_b32,,1.0
resnet18,42,resnet18,4.0,Periodic,0.08011875159666836,51,23,0.6133589390087824,0.18572983324682207,resnet18_keep100_fp32_b32,head_u16,0.5
resnet18,42,resnet18,4.0,Static,0.07283522872424394,51,28,0.5010637938976288,0.18572983324682207,resnet18_keep100_fp32_b32,head_u16,0.5
resnet18,42,resnet18,4.0,EWC,0.07283522872424394,51,28,0.5060143694281578,0.18572983324682207,resnet18_keep100_fp32_b32,head_u16_ewc,0.5
resnet18,42,resnet18,4.0,SADA,0.1163138733555298,51,25,0.5638066480557123,0.37042810987852726,resnet18_input96_fp16,head_u64,0.97
qwen35,43,perception_a1_2_land_cover_classification__reasoning_b1_1_spatial_relationship_reasoning,0.1,NoRetrain,0.5862068965517241,29,0,,1.0,qwen35_08b_bf16_res672_tok16_full_keep100_b1,,1.0
qwen35,43,perception_a1_2_land_cover_classification__reasoning_b1_1_spatial_relationship_reasoning,0.1,Periodic,0.6896551724137931,29,18,112.4674839254822,1.0,qwen35_08b_bf16_res672_tok16_full_keep100_b1,plain_r4_s10,0.5
qwen35,43,perception_a1_2_land_cover_classification__reasoning_b1_1_spatial_relationship_reasoning,0.1,Static,0.7241379310344828,29,23,58.6842,1.0,qwen35_08b_bf16_res672_tok16_full_keep100_b1,plain_r4_s10,0.5
qwen35,43,perception_a1_2_land_cover_classification__reasoning_b1_1_spatial_relationship_reasoning,0.1,EWC,0.6551724137931034,29,12,174.7565752518773,1.0,qwen35_08b_bf16_res672_tok16_full_keep100_b1,ewc_r4_s10,0.5
qwen35,43,perception_a1_2_land_cover_classification__reasoning_b1_1_spatial_relationship_reasoning,0.1,SADA,0.9310344827586207,29,26,32.02518479534122,1.0,qwen35_08b_fp16_res672_tok16_uniform_token_keep075_b1,plain_r8_s10,0.026421357891382256
qwen35,43,perception_a1_2_land_cover_classification__reasoning_b1_1_spatial_relationship_reasoning,0.25,NoRetrain,0.5862068965517241,29,0,,1.0,qwen35_08b_bf16_res672_tok16_full_keep100_b1,,1.0
qwen35,43,perception_a1_2_land_cover_classification__reasoning_b1_1_spatial_relationship_reasoning,0.25,Periodic,0.6206896551724138,29,10,80.19751357019288,1.0,qwen35_08b_bf16_res672_tok16_full_keep100_b1,plain_r4_s10,0.5
qwen35,43,perception_a1_2_land_cover_classification__reasoning_b1_1_spatial_relationship_reasoning,0.25,Static,0.6896551724137931,29,15,58.6842,1.0,qwen35_08b_bf16_res672_tok16_full_keep100_b1,plain_r4_s10,0.5
qwen35,43,perception_a1_2_land_cover_classification__reasoning_b1_1_spatial_relationship_reasoning,0.25,EWC,0.5862068965517241,29,0,174.7565752518773,1.0,qwen35_08b_bf16_res672_tok16_full_keep100_b1,ewc_r4_s10,0.5
qwen35,43,perception_a1_2_land_cover_classification__reasoning_b1_1_spatial_relationship_reasoning,0.25,SADA,0.8620689655172413,29,21,33.256868905031155,1.0,qwen35_08b_fp16_res672_tok16_uniform_token_keep075_b1,plain_r8_s10,0.06605339472845563
qwen35,43,perception_a1_2_land_cover_classification__reasoning_b1_1_spatial_relationship_reasoning,0.5,NoRetrain,0.5862068965517241,29,0,,1.0,qwen35_08b_bf16_res672_tok16_full_keep100_b1,,1.0
qwen35,43,perception_a1_2_land_cover_classification__reasoning_b1_1_spatial_relationship_reasoning,0.5,Periodic,0.5862068965517241,29,0,69.44085678509644,1.0,qwen35_08b_bf16_res672_tok16_full_keep100_b1,plain_r4_s10,0.5
qwen35,43,perception_a1_2_land_cover_classification__reasoning_b1_1_spatial_relationship_reasoning,0.5,Static,0.5862068965517241,29,1,58.6842,1.0,qwen35_08b_bf16_res672_tok16_full_keep100_b1,plain_r4_s10,0.5
qwen35,43,perception_a1_2_land_cover_classification__reasoning_b1_1_spatial_relationship_reasoning,0.5,EWC,0.5862068965517241,29,0,174.7565752518773,1.0,qwen35_08b_bf16_res672_tok16_full_keep100_b1,ewc_r4_s10,0.5
qwen35,43,perception_a1_2_land_cover_classification__reasoning_b1_1_spatial_relationship_reasoning,0.5,SADA,0.7931034482758621,29,12,35.55965095327479,1.0,qwen35_08b_fp16_res672_tok16_uniform_token_keep075_b1,plain_r8_s10,0.13210678945691126
qwen35,43,perception_a1_2_land_cover_classification__reasoning_b1_1_spatial_relationship_reasoning,0.75,NoRetrain,0.5862068965517241,29,0,,1.0,qwen35_08b_bf16_res672_tok16_full_keep100_b1,,1.0
qwen35,43,perception_a1_2_land_cover_classification__reasoning_b1_1_spatial_relationship_reasoning,0.75,Periodic,0.5862068965517241,29,0,65.85530452339762,1.0,qwen35_08b_bf16_res672_tok16_full_keep100_b1,plain_r4_s10,0.5
qwen35,43,perception_a1_2_land_cover_classification__reasoning_b1_1_spatial_relationship_reasoning,0.75,Static,0.5862068965517241,29,0,58.6842,1.0,qwen35_08b_bf16_res672_tok16_full_keep100_b1,plain_r4_s10,0.5
qwen35,43,perception_a1_2_land_cover_classification__reasoning_b1_1_spatial_relationship_reasoning,0.75,EWC,0.5862068965517241,29,0,174.7565752518773,1.0,qwen35_08b_bf16_res672_tok16_full_keep100_b1,ewc_r4_s10,0.5
qwen35,43,perception_a1_2_land_cover_classification__reasoning_b1_1_spatial_relationship_reasoning,0.75,SADA,0.6206896551724138,29,0,,1.0,qwen35_08b_fp16_res672_tok16_uniform_token_keep075_b1,,0.1981601841853669
qwen35,43,perception_a1_2_land_cover_classification__reasoning_b1_1_spatial_relationship_reasoning,1.0,NoRetrain,0.5862068965517241,29,0,,1.0,qwen35_08b_bf16_res672_tok16_full_keep100_b1,,1.0
qwen35,43,perception_a1_2_land_cover_classification__reasoning_b1_1_spatial_relationship_reasoning,1.0,Periodic,0.5862068965517241,29,0,64.06252839254822,1.0,qwen35_08b_bf16_res672_tok16_full_keep100_b1,plain_r4_s10,0.5
qwen35,43,perception_a1_2_land_cover_classification__reasoning_b1_1_spatial_relationship_reasoning,1.0,Static,0.5862068965517241,29,0,58.6842,1.0,qwen35_08b_bf16_res672_tok16_full_keep100_b1,plain_r4_s10,0.5
qwen35,43,perception_a1_2_land_cover_classification__reasoning_b1_1_spatial_relationship_reasoning,1.0,EWC,0.5862068965517241,29,0,174.7565752518773,1.0,qwen35_08b_bf16_res672_tok16_full_keep100_b1,ewc_r4_s10,0.5
qwen35,43,perception_a1_2_land_cover_classification__reasoning_b1_1_spatial_relationship_reasoning,1.0,SADA,0.6206896551724138,29,0,,1.0,qwen35_08b_fp16_res672_tok16_uniform_token_keep075_b1,,0.2642135789138225
qwen35,43,perception_a1_2_land_cover_classification__reasoning_b1_1_spatial_relationship_reasoning,2.0,NoRetrain,0.5862068965517241,29,0,,1.0,qwen35_08b_bf16_res672_tok16_full_keep100_b1,,1.0
qwen35,43,perception_a1_2_land_cover_classification__reasoning_b1_1_spatial_relationship_reasoning,2.0,Periodic,0.5862068965517241,29,0,61.37336419627411,0.9999999999999999,qwen35_08b_bf16_res672_tok16_full_keep100_b1,plain_r4_s10,0.5
qwen35,43,perception_a1_2_land_cover_classification__reasoning_b1_1_spatial_relationship_reasoning,2.0,Static,0.5862068965517241,29,0,58.6842,0.9999999999999999,qwen35_08b_bf16_res672_tok16_full_keep100_b1,plain_r4_s10,0.5
qwen35,43,perception_a1_2_land_cover_classification__reasoning_b1_1_spatial_relationship_reasoning,2.0,EWC,0.5862068965517241,29,0,174.7565752518773,0.9999999999999999,qwen35_08b_bf16_res672_tok16_full_keep100_b1,ewc_r4_s10,0.5
qwen35,43,perception_a1_2_land_cover_classification__reasoning_b1_1_spatial_relationship_reasoning,2.0,SADA,0.6206896551724138,29,0,,1.0,qwen35_08b_fp16_res672_tok16_uniform_token_keep075_b1,,0.528427157827645
qwen35,43,perception_a1_2_land_cover_classification__reasoning_b1_1_spatial_relationship_reasoning,4.0,NoRetrain,0.586206896551724,29,0,,0.9999999999999999,qwen35_08b_bf16_res672_tok16_full_keep100_b1,,1.0
qwen35,43,perception_a1_2_land_cover_classification__reasoning_b1_1_spatial_relationship_reasoning,4.0,Periodic,0.4655172413793103,29,0,60.02878209813705,0.49999999999999994,qwen35_08b_bf16_res672_tok16_full_keep100_b1,plain_r4_s10,0.5
qwen35,43,perception_a1_2_land_cover_classification__reasoning_b1_1_spatial_relationship_reasoning,4.0,Static,0.4655172413793103,29,0,58.6842,0.49999999999999994,qwen35_08b_bf16_res672_tok16_full_keep100_b1,plain_r4_s10,0.5
qwen35,43,perception_a1_2_land_cover_classification__reasoning_b1_1_spatial_relationship_reasoning,4.0,EWC,0.4655172413793103,29,0,174.7565752518773,0.49999999999999994,qwen35_08b_bf16_res672_tok16_full_keep100_b1,ewc_r4_s10,0.5
qwen35,43,perception_a1_2_land_cover_classification__reasoning_b1_1_spatial_relationship_reasoning,4.0,SADA,0.5872991631657032,29,0,,0.9462042073225218,qwen35_08b_fp16_res672_tok16_uniform_token_keep075_b1,,1.0
qwen35,43,perception_a1_2_land_cover_classification__reasoning_b3_2_disaster_cause_inference,0.1,NoRetrain,0.3448275862068966,58,0,,1.0,qwen35_08b_bf16_res672_tok16_full_keep100_b1,,1.0
qwen35,43,perception_a1_2_land_cover_classification__reasoning_b3_2_disaster_cause_inference,0.1,Periodic,0.5,58,46,122.83988392548221,1.0,qwen35_08b_bf16_res672_tok16_full_keep100_b1,plain_r4_s10,0.5
qwen35,43,perception_a1_2_land_cover_classification__reasoning_b3_2_disaster_cause_inference,0.1,Static,0.5172413793103449,58,51,69.0566,1.0,qwen35_08b_bf16_res672_tok16_full_keep100_b1,plain_r4_s10,0.5
qwen35,43,perception_a1_2_land_cover_classification__reasoning_b3_2_disaster_cause_inference,0.1,EWC,0.46551724137931033,58,40,183.40284212120176,1.0,qwen35_08b_bf16_res672_tok16_full_keep100_b1,ewc_r4_s10,0.5
qwen35,43,perception_a1_2_land_cover_classification__reasoning_b3_2_disaster_cause_inference,0.1,SADA,0.41379310344827586,58,55,25.955002332011592,1.0,qwen35_08b_fp16_res672_tok16_uniform_token_keep075_b1,plain_r4_s5,0.026421357891382256
qwen35,43,perception_a1_2_land_cover_classification__reasoning_b3_2_disaster_cause_inference,0.25,NoRetrain,0.3448275862068966,58,0,,1.0,qwen35_08b_bf16_res672_tok16_full_keep100_b1,,1.0
qwen35,43,perception_a1_2_land_cover_classification__reasoning_b3_2_disaster_cause_inference,0.25,Periodic,0.5,58,36,90.56991357019288,1.0,qwen35_08b_bf16_res672_tok16_full_keep100_b1,plain_r4_s10,0.5
qwen35,43,perception_a1_2_land_cover_classification__reasoning_b3_2_disaster_cause_inference,0.25,Static,0.5,58,41,69.0566,1.0,qwen35_08b_bf16_res672_tok16_full_keep100_b1,plain_r4_s10,0.5
qwen35,43,perception_a1_2_land_cover_classification__reasoning_b3_2_disaster_cause_inference,0.25,EWC,0.39655172413793105,58,15,183.40284212120176,1.0,qwen35_08b_bf16_res672_tok16_full_keep100_b1,ewc_r4_s10,0.5
qwen35,43,perception_a1_2_land_cover_classification__reasoning_b3_2_disaster_cause_inference,0.25,SADA,0.41379310344827586,58,51,26.92909816670107,1.0,qwen35_08b_fp16_res672_tok16_uniform_token_keep075_b1,plain_r4_s5,0.06605339472845563
qwen35,43,perception_a1_2_land_cover_classification__reasoning_b3_2_disaster_cause_inference,0.5,NoRetrain,0.3448275862068966,58,0,,1.0,qwen35_08b_bf16_res672_tok16_full_keep100_b1,,1.0
qwen35,43,perception_a1_2_land_cover_classification__reasoning_b3_2_disaster_cause_inference,0.5,Periodic,0.41379310344827586,58,20,79.81325678509644,1.0,qwen35_08b_bf16_res672_tok16_full_keep100_b1,plain_r4_s10,0.5
qwen35,43,perception_a1_2_land_cover_classification__reasoning_b3_2_disaster_cause_inference,0.5,Static,0.4482758620689655,58,25,69.0566,1.0,qwen35_08b_bf16_res672_tok16_full_keep100_b1,plain_r4_s10,0.5
qwen35,43,perception_a1_2_land_cover_classification__reasoning_b3_2_disaster_cause_inference,0.5,EWC,0.3448275862068966,58,0,183.40284212120176,1.0,qwen35_08b_bf16_res672_tok16_full_keep100_b1,ewc_r4_s10,0.5
qwen35,43,perception_a1_2_land_cover_classification__reasoning_b3_2_disaster_cause_inference,0.5,SADA,0.43103448275862066,58,44,28.750287856285116,1.0,qwen35_08b_fp16_res672_tok16_uniform_token_keep075_b1,plain_r4_s5,0.13210678945691126
qwen35,43,perception_a1_2_land_cover_classification__reasoning_b3_2_disaster_cause_inference,0.75,NoRetrain,0.3448275862068966,58,0,,1.0,qwen35_08b_bf16_res672_tok16_full_keep100_b1,,1.0
qwen35,43,perception_a1_2_land_cover_classification__reasoning_b3_2_disaster_cause_inference,0.75,Periodic,0.3620689655172414,58,4,76.22770452339763,1.0,qwen35_08b_bf16_res672_tok16_full_keep100_b1,plain_r4_s10,0.5
qwen35,43,perception_a1_2_land_cover_classification__reasoning_b3_2_disaster_cause_inference,0.75,Static,0.39655172413793105,58,9,69.0566,1.0,qwen35_08b_bf16_res672_tok16_full_keep100_b1,plain_r4_s10,0.5
qwen35,43,perception_a1_2_land_cover_classification__reasoning_b3_2_disaster_cause_inference,0.75,EWC,0.3448275862068966,58,0,183.40284212120176,1.0,qwen35_08b_bf16_res672_tok16_full_keep100_b1,ewc_r4_s10,0.5
qwen35,43,perception_a1_2_land_cover_classification__reasoning_b3_2_disaster_cause_inference,0.75,SADA,0.43103448275862066,58,36,30.871526905027697,1.0,qwen35_08b_fp16_res672_tok16_uniform_token_keep075_b1,plain_r4_s5,0.1981601841853669
qwen35,43,perception_a1_2_land_cover_classification__reasoning_b3_2_disaster_cause_inference,1.0,NoRetrain,0.3448275862068966,58,0,,1.0,qwen35_08b_bf16_res672_tok16_full_keep100_b1,,1.0
qwen35,43,perception_a1_2_land_cover_classification__reasoning_b3_2_disaster_cause_inference,1.0,Periodic,0.3448275862068966,58,0,74.43492839254823,1.0,qwen35_08b_bf16_res672_tok16_full_keep100_b1,plain_r4_s10,0.5
qwen35,43,perception_a1_2_land_cover_classification__reasoning_b3_2_disaster_cause_inference,1.0,Static,0.3448275862068966,58,0,69.0566,1.0,qwen35_08b_bf16_res672_tok16_full_keep100_b1,plain_r4_s10,0.5
qwen35,43,perception_a1_2_land_cover_classification__reasoning_b3_2_disaster_cause_inference,1.0,EWC,0.3448275862068966,58,0,183.40284212120176,1.0,qwen35_08b_bf16_res672_tok16_full_keep100_b1,ewc_r4_s10,0.5
qwen35,43,perception_a1_2_land_cover_classification__reasoning_b3_2_disaster_cause_inference,1.0,SADA,0.41379310344827586,58,26,33.37362386629649,1.0,qwen35_08b_fp16_res672_tok16_uniform_token_keep075_b1,plain_r4_s5,0.2642135789138225
qwen35,43,perception_a1_2_land_cover_classification__reasoning_b3_2_disaster_cause_inference,2.0,NoRetrain,0.3448275862068966,58,0,,1.0,qwen35_08b_bf16_res672_tok16_full_keep100_b1,,1.0
qwen35,43,perception_a1_2_land_cover_classification__reasoning_b3_2_disaster_cause_inference,2.0,Periodic,0.34482758620689646,58,0,71.74576419627411,0.9999999999999999,qwen35_08b_bf16_res672_tok16_full_keep100_b1,plain_r4_s10,0.5
qwen35,43,perception_a1_2_land_cover_classification__reasoning_b3_2_disaster_cause_inference,2.0,Static,0.34482758620689646,58,0,69.0566,0.9999999999999999,qwen35_08b_bf16_res672_tok16_full_keep100_b1,plain_r4_s10,0.5
qwen35,43,perception_a1_2_land_cover_classification__reasoning_b3_2_disaster_cause_inference,2.0,EWC,0.34482758620689646,58,0,183.40284212120176,0.9999999999999999,qwen35_08b_bf16_res672_tok16_full_keep100_b1,ewc_r4_s10,0.5
qwen35,43,perception_a1_2_land_cover_classification__reasoning_b3_2_disaster_cause_inference,2.0,SADA,0.39655172413793105,58,0,,1.0,qwen35_08b_bf16_res672_tok16_uniform_token_keep075_b1,,0.44896504908044915
qwen35,43,perception_a1_2_land_cover_classification__reasoning_b3_2_disaster_cause_inference,4.0,NoRetrain,0.34482758620689646,58,0,,0.9999999999999999,qwen35_08b_bf16_res672_tok16_full_keep100_b1,,1.0
qwen35,43,perception_a1_2_land_cover_classification__reasoning_b3_2_disaster_cause_inference,4.0,Periodic,0.2068965517241379,58,0,70.40118209813706,0.49999999999999994,qwen35_08b_bf16_res672_tok16_full_keep100_b1,plain_r4_s10,0.5
qwen35,43,perception_a1_2_land_cover_classification__reasoning_b3_2_disaster_cause_inference,4.0,Static,0.2068965517241379,58,0,69.0566,0.49999999999999994,qwen35_08b_bf16_res672_tok16_full_keep100_b1,plain_r4_s10,0.5
qwen35,43,perception_a1_2_land_cover_classification__reasoning_b3_2_disaster_cause_inference,4.0,EWC,0.2068965517241379,58,0,183.40284212120176,0.49999999999999994,qwen35_08b_bf16_res672_tok16_full_keep100_b1,ewc_r4_s10,0.5
qwen35,43,perception_a1_2_land_cover_classification__reasoning_b3_2_disaster_cause_inference,4.0,SADA,0.39655172413793105,58,0,,1.0,qwen35_08b_bf16_res672_tok16_uniform_token_keep075_b1,,0.8979300981608983
remoteclip,43,remoteclip,0.1,NoRetrain,0.19607843137254902,51,0,,1.0,rc_r50_keep100_fp32_b32,,1.0
remoteclip,43,remoteclip,0.1,Periodic,0.37254901960784315,51,45,18.532598006851124,1.0,rc_r50_keep100_fp32_b32,head_u16,0.5
remoteclip,43,remoteclip,0.1,Static,0.4117647058823529,51,50,0.50160251557827,1.0,rc_r50_keep100_fp32_b32,head_u16,0.5
remoteclip,43,remoteclip,0.1,EWC,0.35294117647058826,51,50,0.5090885162353516,1.0,rc_r50_keep100_fp32_b32,head_u16_ewc,0.5
remoteclip,43,remoteclip,0.1,SADA,0.7843137254901961,51,50,0.5165551296273304,1.0,rc_r50_keep050_fp32_b32,head_ep5,0.027628987185422206
remoteclip,43,remoteclip,0.25,NoRetrain,0.19607843137254902,51,0,,1.0,rc_r50_keep100_fp32_b32,,1.0
remoteclip,43,remoteclip,0.25,Periodic,0.37254901960784315,51,45,7.714000712087413,1.0,rc_r50_keep100_fp32_b32,head_u16,0.5
remoteclip,43,remoteclip,0.25,Static,0.4117647058823529,51,50,0.50160251557827,1.0,rc_r50_keep100_fp32_b32,head_u16,0.5
remoteclip,43,remoteclip,0.25,EWC,0.35294117647058826,51,50,0.5090885162353516,1.0,rc_r50_keep100_fp32_b32,head_u16_ewc,0.5
remoteclip,43,remoteclip,0.25,SADA,0.7843137254901961,51,50,0.5172921388712067,1.0,rc_r50_keep050_fp32_b32,head_ep5,0.06907246796355551
remoteclip,43,remoteclip,0.5,NoRetrain,0.19607843137254902,51,0,,1.0,rc_r50_keep100_fp32_b32,,1.0
remoteclip,43,remoteclip,0.5,Periodic,0.37254901960784315,51,45,4.107801613832841,1.0,rc_r50_keep100_fp32_b32,head_u16,0.5
remoteclip,43,remoteclip,0.5,Static,0.4117647058823529,51,50,0.50160251557827,1.0,rc_r50_keep100_fp32_b32,head_u16,0.5
remoteclip,43,remoteclip,0.5,EWC,0.35294117647058826,51,50,0.5090885162353516,1.0,rc_r50_keep100_fp32_b32,head_u16_ewc,0.5
remoteclip,43,remoteclip,0.5,SADA,0.7843137254901961,51,50,0.5186779991602423,1.0,rc_r50_keep050_fp32_b32,head_ep5,0.13814493592711102
remoteclip,43,remoteclip,0.75,NoRetrain,0.19607843137254902,51,0,,1.0,rc_r50_keep100_fp32_b32,,1.0
remoteclip,43,remoteclip,0.75,Periodic,0.35294117647058826,51,44,2.9057352477479843,1.0,rc_r50_keep100_fp32_b32,head_u16,0.5
remoteclip,43,remoteclip,0.75,Static,0.39215686274509803,51,49,0.50160251557827,1.0,rc_r50_keep100_fp32_b32,head_u16,0.5
remoteclip,43,remoteclip,0.75,EWC,0.35294117647058826,51,49,0.5090885162353516,1.0,rc_r50_keep100_fp32_b32,head_u16_ewc,0.5
remoteclip,43,remoteclip,0.75,SADA,0.7647058823529411,51,49,0.5203053500947237,1.0,rc_r50_keep050_fp32_b32,head_ep5,0.2072174038906665
remoteclip,43,remoteclip,1.0,NoRetrain,0.19607843137254902,51,0,,1.0,rc_r50_keep100_fp32_b32,,1.0
remoteclip,43,remoteclip,1.0,Periodic,0.35294117647058826,51,44,2.3047020647055554,1.0,rc_r50_keep100_fp32_b32,head_u16,0.5
remoteclip,43,remoteclip,1.0,Static,0.39215686274509803,51,49,0.50160251557827,1.0,rc_r50_keep100_fp32_b32,head_u16,0.5
remoteclip,43,remoteclip,1.0,EWC,0.35294117647058826,51,49,0.5090885162353516,1.0,rc_r50_keep100_fp32_b32,head_u16_ewc,0.5
remoteclip,43,remoteclip,1.0,SADA,0.7647058823529411,51,49,0.5222433368512446,1.0,rc_r50_keep050_fp32_b32,head_ep5,0.27628987185422205
remoteclip,43,remoteclip,2.0,NoRetrain,0.19607843137254902,51,0,,1.0,rc_r50_keep100_fp32_b32,,1.0
remoteclip,43,remoteclip,2.0,Periodic,0.3333333333333333,51,43,1.4031522901419127,1.0,rc_r50_keep100_fp32_b32,head_u16,0.5
remoteclip,43,remoteclip,2.0,Static,0.39215686274509803,51,48,0.50160251557827,1.0,rc_r50_keep100_fp32_b32,head_u16,0.5
remoteclip,43,remoteclip,2.0,EWC,0.35294117647058826,51,48,0.5090885162353516,1.0,rc_r50_keep100_fp32_b32,head_u16_ewc,0.5
remoteclip,43,remoteclip,2.0,SADA,0.7450980392156863,51,48,0.5359789882926401,1.0,rc_r50_keep050_fp32_b32,head_ep5,0.5525797437084441
remoteclip,43,remoteclip,4.0,NoRetrain,0.19607843137254902,51,0,,1.0,rc_r50_keep100_fp32_b32,,1.0
remoteclip,43,remoteclip,4.0,Periodic,0.16666666666666666,51,40,0.9523774028600913,0.5,rc_r50_keep100_fp32_b32,head_u16,0.5
remoteclip,43,remoteclip,4.0,Static,0.18627450980392157,51,45,0.50160251557827,0.5,rc_r50_keep100_fp32_b32,head_u16,0.5
remoteclip,43,remoteclip,4.0,EWC,0.16666666666666666,51,45,0.5090885162353516,0.5,rc_r50_keep100_fp32_b32,head_u16_ewc,0.5
remoteclip,43,remoteclip,4.0,SADA,0.6023529411764705,51,42,0.7478146925568578,0.96,rc_r50_keep100_fp32_b32,head_ep3,0.96
resnet18,43,resnet18,0.1,NoRetrain,0.27450980392156865,51,0,,1.0,resnet18_keep100_fp32_b32,,1.0
resnet18,43,resnet18,0.1,Periodic,0.29411764705882354,51,45,4.992896375730438,1.0,resnet18_keep100_fp32_b32,head_u16,0.5
resnet18,43,resnet18,0.1,Static,0.29411764705882354,51,50,0.5010905712842941,1.0,resnet18_keep100_fp32_b32,head_u16,0.5
resnet18,43,resnet18,0.1,EWC,0.27450980392156865,51,50,0.5074448436498642,1.0,resnet18_keep100_fp32_b32,head_u16_ewc,0.5
resnet18,43,resnet18,0.1,SADA,0.7647058823529411,51,50,0.5170806856046953,1.0,resnet18_input672_fp32,head_ep5,0.07340307640660804
resnet18,43,resnet18,0.25,NoRetrain,0.27450980392156865,51,0,,1.0,resnet18_keep100_fp32_b32,,1.0
resnet18,43,resnet18,0.25,Periodic,0.29411764705882354,51,44,2.2978128930627513,1.0,resnet18_keep100_fp32_b32,head_u16,0.5
resnet18,43,resnet18,0.25,Static,0.29411764705882354,51,49,0.5010905712842941,1.0,resnet18_keep100_fp32_b32,head_u16,0.5
resnet18,43,resnet18,0.25,EWC,0.27450980392156865,51,49,0.5074448436498642,1.0,resnet18_keep100_fp32_b32,head_u16_ewc,0.5
resnet18,43,resnet18,0.25,SADA,0.7450980392156863,51,49,0.5193840291697063,1.0,resnet18_input672_fp32,head_ep5,0.1835076910165201
resnet18,43,resnet18,0.5,NoRetrain,0.27450980392156865,51,0,,1.0,resnet18_keep100_fp32_b32,,1.0
resnet18,43,resnet18,0.5,Periodic,0.29411764705882354,51,43,1.3994517321735227,1.0,resnet18_keep100_fp32_b32,head_u16,0.5
resnet18,43,resnet18,0.5,Static,0.29411764705882354,51,48,0.5010905712842941,1.0,resnet18_keep100_fp32_b32,head_u16,0.5
resnet18,43,resnet18,0.5,EWC,0.27450980392156865,51,48,0.5074448436498642,1.0,resnet18_keep100_fp32_b32,head_u16_ewc,0.5
resnet18,43,resnet18,0.5,SADA,0.7254901960784313,51,48,0.5250036261307739,1.0,resnet18_input672_fp32,head_ep5,0.3670153820330402
resnet18,43,resnet18,0.75,NoRetrain,0.27450980392156865,51,0,,1.0,resnet18_keep100_fp32_b32,,1.0
resnet18,43,resnet18,0.75,Periodic,0.25268057505483554,51,41,1.0999980118771133,0.9905591106497177,resnet18_keep100_fp32_b32,head_u16,0.5
resnet18,43,resnet18,0.75,Static,0.31094875803423067,51,46,0.5010905712842941,0.9905591106497177,resnet18_keep100_fp32_b32,head_u16,0.5
resnet18,43,resnet18,0.75,EWC,0.2915260303744323,51,46,0.5074448436498642,0.9905591106497177,resnet18_keep100_fp32_b32,head_u16_ewc,0.5
resnet18,43,resnet18,0.75,SADA,0.7058823529411765,51,46,0.5352118424444103,1.0,resnet18_input672_fp32,head_ep5,0.5505230730495603
resnet18,43,resnet18,1.0,NoRetrain,0.27450980392156865,51,0,,1.0,resnet18_keep100_fp32_b32,,1.0
resnet18,43,resnet18,1.0,Periodic,0.2089794378202892,51,40,0.9502711517289084,0.7429193329872883,resnet18_keep100_fp32_b32,head_u16,0.5
resnet18,43,resnet18,1.0,Static,0.22354648356513798,51,45,0.5010905712842941,0.7429193329872883,resnet18_keep100_fp32_b32,head_u16,0.5
resnet18,43,resnet18,1.0,EWC,0.2089794378202892,51,45,0.5074448436498642,0.7429193329872883,resnet18_keep100_fp32_b32,head_u16_ewc,0.5
resnet18,43,resnet18,1.0,SADA,0.6666666666666666,51,44,0.5595065466071755,1.0,resnet18_input672_fp32,head_ep5,0.7340307640660804
resnet18,43,resnet18,2.0,NoRetrain,0.20393864042788307,51,0,,0.7429193329872883,resnet18_keep100_fp32_b32,,1.0
resnet18,43,resnet18,2.0,Periodic,0.11653636595879031,51,34,0.7256808615066013,0.37145966649364415,resnet18_keep100_fp32_b32,head_u16,0.5
resnet18,43,resnet18,2.0,Static,0.11653636595879031,51,39,0.5010905712842941,0.37145966649364415,resnet18_keep100_fp32_b32,head_u16,0.5
resnet18,43,resnet18,2.0,EWC,0.10925284308636593,51,39,0.5074448436498642,0.37145966649364415,resnet18_keep100_fp32_b32,head_u16_ewc,0.5
resnet18,43,resnet18,2.0,SADA,0.31415714027253494,51,37,0.5864786406358082,0.6607352494511229,resnet18_input672_fp32,head_ep1,0.97
resnet18,43,resnet18,4.0,NoRetrain,0.10196932021394153,51,0,,0.37145966649364415,resnet18_keep100_fp32_b32,,1.0
resnet18,43,resnet18,4.0,Periodic,0.07283522872424394,51,23,0.6133857163954477,0.18572983324682207,resnet18_keep100_fp32_b32,head_u16,0.5
resnet18,43,resnet18,4.0,Static,0.06919346728803175,51,28,0.5010905712842941,0.18572983324682207,resnet18_keep100_fp32_b32,head_u16,0.5
resnet18,43,resnet18,4.0,EWC,0.06555170585181955,51,28,0.5074448436498642,0.18572983324682207,resnet18_keep100_fp32_b32,head_u16_ewc,0.5
resnet18,43,resnet18,4.0,SADA,0.15949574906380173,51,26,0.5423063834508259,0.33036762472556147,resnet18_input672_fp32,head_u32,0.97
qwen35,44,perception_a1_2_land_cover_classification__reasoning_b1_1_spatial_relationship_reasoning,0.1,NoRetrain,0.5862068965517241,29,0,,1.0,qwen35_08b_bf16_res672_tok16_full_keep100_b1,,1.0
qwen35,44,perception_a1_2_land_cover_classification__reasoning_b1_1_spatial_relationship_reasoning,0.1,Periodic,0.6896551724137931,29,18,110.3582839254822,1.0,qwen35_08b_bf16_res672_tok16_full_keep100_b1,plain_r4_s10,0.5
qwen35,44,perception_a1_2_land_cover_classification__reasoning_b1_1_spatial_relationship_reasoning,0.1,Static,0.7241379310344828,29,23,56.575,1.0,qwen35_08b_bf16_res672_tok16_full_keep100_b1,plain_r4_s10,0.5
qwen35,44,perception_a1_2_land_cover_classification__reasoning_b1_1_spatial_relationship_reasoning,0.1,EWC,0.6896551724137931,29,12,175.9492763995886,1.0,qwen35_08b_bf16_res672_tok16_full_keep100_b1,ewc_r4_s10,0.5
qwen35,44,perception_a1_2_land_cover_classification__reasoning_b1_1_spatial_relationship_reasoning,0.1,SADA,0.896551724137931,29,26,32.13529403086001,1.0,qwen35_08b_fp16_res672_tok16_uniform_token_keep075_b1,plain_r8_s10,0.026421357891382256
qwen35,44,perception_a1_2_land_cover_classification__reasoning_b1_1_spatial_relationship_reasoning,0.25,NoRetrain,0.5862068965517241,29,0,,1.0,qwen35_08b_bf16_res672_tok16_full_keep100_b1,,1.0
qwen35,44,perception_a1_2_land_cover_classification__reasoning_b1_1_spatial_relationship_reasoning,0.25,Periodic,0.6206896551724138,29,10,78.08831357019288,1.0,qwen35_08b_bf16_res672_tok16_full_keep100_b1,plain_r4_s10,0.5
qwen35,44,perception_a1_2_land_cover_classification__reasoning_b1_1_spatial_relationship_reasoning,0.25,Static,0.6896551724137931,29,15,56.575,1.0,qwen35_08b_bf16_res672_tok16_full_keep100_b1,plain_r4_s10,0.5
qwen35,44,perception_a1_2_land_cover_classification__reasoning_b1_1_spatial_relationship_reasoning,0.25,EWC,0.5862068965517241,29,0,175.9492763995886,1.0,qwen35_08b_bf16_res672_tok16_full_keep100_b1,ewc_r4_s10,0.5
qwen35,44,perception_a1_2_land_cover_classification__reasoning_b1_1_spatial_relationship_reasoning,0.25,SADA,0.8275862068965517,29,21,33.37165062744968,1.0,qwen35_08b_fp16_res672_tok16_uniform_token_keep075_b1,plain_r8_s10,0.06605339472845563
qwen35,44,perception_a1_2_land_cover_classification__reasoning_b1_1_spatial_relationship_reasoning,0.5,NoRetrain,0.5862068965517241,29,0,,1.0,qwen35_08b_bf16_res672_tok16_full_keep100_b1,,1.0
qwen35,44,perception_a1_2_land_cover_classification__reasoning_b1_1_spatial_relationship_reasoning,0.5,Periodic,0.5862068965517241,29,0,67.33165678509644,1.0,qwen35_08b_bf16_res672_tok16_full_keep100_b1,plain_r4_s10,0.5
qwen35,44,perception_a1_2_land_cover_classification__reasoning_b1_1_spatial_relationship_reasoning,0.5,Static,0.5862068965517241,29,2,56.575,1.0,qwen35_08b_bf16_res672_tok16_full_keep100_b1,plain_r4_s10,0.5
qwen35,44,perception_a1_2_land_cover_classification__reasoning_b1_1_spatial_relationship_reasoning,0.5,EWC,0.5862068965517241,29,0,175.9492763995886,1.0,qwen35_08b_bf16_res672_tok16_full_keep100_b1,ewc_r4_s10,0.5
qwen35,44,perception_a1_2_land_cover_classification__reasoning_b1_1_spatial_relationship_reasoning,0.5,SADA,0.7586206896551724,29,12,35.68316845369736,1.0,qwen35_08b_fp16_res672_tok16_uniform_token_keep075_b1,plain_r8_s10,0.13210678945691126
qwen35,44,perception_a1_2_land_cover_classification__reasoning_b1_1_spatial_relationship_reasoning,0.75,NoRetrain,0.5862068965517241,29,0,,1.0,qwen35_08b_bf16_res672_tok16_full_keep100_b1,,1.0
qwen35,44,perception_a1_2_land_cover_classification__reasoning_b1_1_spatial_relationship_reasoning,0.75,Periodic,0.5862068965517241,29,0,63.74610452339763,1.0,qwen35_08b_bf16_res672_tok16_full_keep100_b1,plain_r4_s10,0.5
qwen35,44,perception_a1_2_land_cover_classification__reasoning_b1_1_spatial_relationship_reasoning,0.75,Static,0.5862068965517241,29,0,56.575,1.0,qwen35_08b_bf16_res672_tok16_full_keep100_b1,plain_r4_s10,0.5
qwen35,44,perception_a1_2_land_cover_classification__reasoning_b1_1_spatial_relationship_reasoning,0.75,EWC,0.5862068965517241,29,0,175.9492763995886,1.0,qwen35_08b_bf16_res672_tok16_full_keep100_b1,ewc_r4_s10,0.5
qwen35,44,perception_a1_2_land_cover_classification__reasoning_b1_1_spatial_relationship_reasoning,0.75,SADA,0.6206896551724138,29,0,,1.0,qwen35_08b_fp16_res672_tok16_uniform_token_keep075_b1,,0.1981601841853669
qwen35,44,perception_a1_2_land_cover_classification__reasoning_b1_1_spatial_relationship_reasoning,1.0,NoRetrain,0.5862068965517241,29,0,,1.0,qwen35_08b_bf16_res672_tok16_full_keep100_b1,,1.0
qwen35,44,perception_a1_2_land_cover_classification__reasoning_b1_1_spatial_relationship_reasoning,1.0,Periodic,0.5862068965517241,29,0,61.95332839254822,1.0,qwen35_08b_bf16_res672_tok16_full_keep100_b1,plain_r4_s10,0.5
qwen35,44,perception_a1_2_land_cover_classification__reasoning_b1_1_spatial_relationship_reasoning,1.0,Static,0.5862068965517241,29,0,56.575,1.0,qwen35_08b_bf16_res672_tok16_full_keep100_b1,plain_r4_s10,0.5
qwen35,44,perception_a1_2_land_cover_classification__reasoning_b1_1_spatial_relationship_reasoning,1.0,EWC,0.5862068965517241,29,0,175.9492763995886,1.0,qwen35_08b_bf16_res672_tok16_full_keep100_b1,ewc_r4_s10,0.5
qwen35,44,perception_a1_2_land_cover_classification__reasoning_b1_1_spatial_relationship_reasoning,1.0,SADA,0.6206896551724138,29,0,,1.0,qwen35_08b_fp16_res672_tok16_uniform_token_keep075_b1,,0.2642135789138225
qwen35,44,perception_a1_2_land_cover_classification__reasoning_b1_1_spatial_relationship_reasoning,2.0,NoRetrain,0.5862068965517241,29,0,,1.0,qwen35_08b_bf16_res672_tok16_full_keep100_b1,,1.0
qwen35,44,perception_a1_2_land_cover_classification__reasoning_b1_1_spatial_relationship_reasoning,2.0,Periodic,0.5862068965517241,29,0,59.264164196274116,0.9999999999999999,qwen35_08b_bf16_res672_tok16_full_keep100_b1,plain_r4_s10,0.5
qwen35,44,perception_a1_2_land_cover_classification__reasoning_b1_1_spatial_relationship_reasoning,2.0,Static,0.5862068965517241,29,0,56.575,0.9999999999999999,qwen35_08b_bf16_res672_tok16_full_keep100_b1,plain_r4_s10,0.5
qwen35,44,perception_a1_2_land_cover_classification__reasoning_b1_1_spatial_relationship_reasoning,2.0,EWC,0.5862068965517241,29,0,175.9492763995886,0.9999999999999999,qwen35_08b_bf16_res672_tok16_full_keep100_b1,ewc_r4_s10,0.5
qwen35,44,perception_a1_2_land_cover_classification__reasoning_b1_1_spatial_relationship_reasoning,2.0,SADA,0.6206896551724138,29,0,,1.0,qwen35_08b_fp16_res672_tok16_uniform_token_keep075_b1,,0.528427157827645
qwen35,44,perception_a1_2_land_cover_classification__reasoning_b1_1_spatial_relationship_reasoning,4.0,NoRetrain,0.586206896551724,29,0,,0.9999999999999999,qwen35_08b_bf16_res672_tok16_full_keep100_b1,,1.0
qwen35,44,perception_a1_2_land_cover_classification__reasoning_b1_1_spatial_relationship_reasoning,4.0,Periodic,0.4655172413793103,29,0,57.919582098137056,0.49999999999999994,qwen35_08b_bf16_res672_tok16_full_keep100_b1,plain_r4_s10,0.5
qwen35,44,perception_a1_2_land_cover_classification__reasoning_b1_1_spatial_relationship_reasoning,4.0,Static,0.4655172413793103,29,0,56.575,0.49999999999999994,qwen35_08b_bf16_res672_tok16_full_keep100_b1,plain_r4_s10,0.5
qwen35,44,perception_a1_2_land_cover_classification__reasoning_b1_1_spatial_relationship_reasoning,4.0,EWC,0.4655172413793103,29,0,175.9492763995886,0.49999999999999994,qwen35_08b_bf16_res672_tok16_full_keep100_b1,ewc_r4_s10,0.5
qwen35,44,perception_a1_2_land_cover_classification__reasoning_b1_1_spatial_relationship_reasoning,4.0,SADA,0.5872991631657032,29,0,,0.9462042073225218,qwen35_08b_fp16_res672_tok16_uniform_token_keep075_b1,,1.0
qwen35,44,perception_a1_2_land_cover_classification__reasoning_b3_2_disaster_cause_inference,0.1,NoRetrain,0.3448275862068966,58,0,,1.0,qwen35_08b_bf16_res672_tok16_full_keep100_b1,,1.0
qwen35,44,perception_a1_2_land_cover_classification__reasoning_b3_2_disaster_cause_inference,0.1,Periodic,0.5,58,47,114.94168392548221,1.0,qwen35_08b_bf16_res672_tok16_full_keep100_b1,plain_r4_s10,0.5
qwen35,44,perception_a1_2_land_cover_classification__reasoning_b3_2_disaster_cause_inference,0.1,Static,0.5172413793103449,58,52,61.1584,1.0,qwen35_08b_bf16_res672_tok16_full_keep100_b1,plain_r4_s10,0.5
qwen35,44,perception_a1_2_land_cover_classification__reasoning_b3_2_disaster_cause_inference,0.1,EWC,0.4827586206896552,58,41,180.15449537263513,1.0,qwen35_08b_bf16_res672_tok16_full_keep100_b1,ewc_r4_s10,0.5
qwen35,44,perception_a1_2_land_cover_classification__reasoning_b3_2_disaster_cause_inference,0.1,SADA,0.41379310344827586,58,55,25.188243523105104,1.0,qwen35_08b_fp16_res672_tok16_uniform_token_keep075_b1,plain_r4_s5,0.026421357891382256
qwen35,44,perception_a1_2_land_cover_classification__reasoning_b3_2_disaster_cause_inference,0.25,NoRetrain,0.3448275862068966,58,0,,1.0,qwen35_08b_bf16_res672_tok16_full_keep100_b1,,1.0
qwen35,44,perception_a1_2_land_cover_classification__reasoning_b3_2_disaster_cause_inference,0.25,Periodic,0.46551724137931033,58,38,82.67171357019288,1.0,qwen35_08b_bf16_res672_tok16_full_keep100_b1,plain_r4_s10,0.5
qwen35,44,perception_a1_2_land_cover_classification__reasoning_b3_2_disaster_cause_inference,0.25,Static,0.5,58,43,61.1584,1.0,qwen35_08b_bf16_res672_tok16_full_keep100_b1,plain_r4_s10,0.5
qwen35,44,perception_a1_2_land_cover_classification__reasoning_b3_2_disaster_cause_inference,0.25,EWC,0.3793103448275862,58,16,180.15449537263513,1.0,qwen35_08b_bf16_res672_tok16_full_keep100_b1,ewc_r4_s10,0.5
qwen35,44,perception_a1_2_land_cover_classification__reasoning_b3_2_disaster_cause_inference,0.25,SADA,0.41379310344827586,58,51,26.1298019373594,1.0,qwen35_08b_fp16_res672_tok16_uniform_token_keep075_b1,plain_r4_s5,0.06605339472845563
qwen35,44,perception_a1_2_land_cover_classification__reasoning_b3_2_disaster_cause_inference,0.5,NoRetrain,0.3448275862068966,58,0,,1.0,qwen35_08b_bf16_res672_tok16_full_keep100_b1,,1.0
qwen35,44,perception_a1_2_land_cover_classification__reasoning_b3_2_disaster_cause_inference,0.5,Periodic,0.41379310344827586,58,24,71.91505678509644,1.0,qwen35_08b_bf16_res672_tok16_full_keep100_b1,plain_r4_s10,0.5
qwen35,44,perception_a1_2_land_cover_classification__reasoning_b3_2_disaster_cause_inference,0.5,Static,0.4482758620689655,58,29,61.1584,1.0,qwen35_08b_bf16_res672_tok16_full_keep100_b1,plain_r4_s10,0.5
qwen35,44,perception_a1_2_land_cover_classification__reasoning_b3_2_disaster_cause_inference,0.5,EWC,0.3448275862068966,58,0,180.15449537263513,1.0,qwen35_08b_bf16_res672_tok16_full_keep100_b1,ewc_r4_s10,0.5
qwen35,44,perception_a1_2_land_cover_classification__reasoning_b3_2_disaster_cause_inference,0.5,SADA,0.43103448275862066,58,45,27.890158993734303,1.0,qwen35_08b_fp16_res672_tok16_uniform_token_keep075_b1,plain_r4_s5,0.13210678945691126
qwen35,44,perception_a1_2_land_cover_classification__reasoning_b3_2_disaster_cause_inference,0.75,NoRetrain,0.3448275862068966,58,0,,1.0,qwen35_08b_bf16_res672_tok16_full_keep100_b1,,1.0
qwen35,44,perception_a1_2_land_cover_classification__reasoning_b3_2_disaster_cause_inference,0.75,Periodic,0.41379310344827586,58,10,68.32950452339763,1.0,qwen35_08b_bf16_res672_tok16_full_keep100_b1,plain_r4_s10,0.5
qwen35,44,perception_a1_2_land_cover_classification__reasoning_b3_2_disaster_cause_inference,0.75,Static,0.39655172413793105,58,15,61.1584,1.0,qwen35_08b_bf16_res672_tok16_full_keep100_b1,plain_r4_s10,0.5
qwen35,44,perception_a1_2_land_cover_classification__reasoning_b3_2_disaster_cause_inference,0.75,EWC,0.3448275862068966,58,0,180.15449537263513,1.0,qwen35_08b_bf16_res672_tok16_full_keep100_b1,ewc_r4_s10,0.5
qwen35,44,perception_a1_2_land_cover_classification__reasoning_b3_2_disaster_cause_inference,0.75,SADA,0.43103448275862066,58,37,29.940542953773555,1.0,qwen35_08b_fp16_res672_tok16_uniform_token_keep075_b1,plain_r4_s5,0.1981601841853669
qwen35,44,perception_a1_2_land_cover_classification__reasoning_b3_2_disaster_cause_inference,1.0,NoRetrain,0.3448275862068966,58,0,,1.0,qwen35_08b_bf16_res672_tok16_full_keep100_b1,,1.0
qwen35,44,perception_a1_2_land_cover_classification__reasoning_b3_2_disaster_cause_inference,1.0,Periodic,0.3448275862068966,58,0,66.53672839254823,1.0,qwen35_08b_bf16_res672_tok16_full_keep100_b1,plain_r4_s10,0.5
qwen35,44,perception_a1_2_land_cover_classification__reasoning_b3_2_disaster_cause_inference,1.0,Static,0.3448275862068966,58,1,61.1584,1.0,qwen35_08b_bf16_res672_tok16_full_keep100_b1,plain_r4_s10,0.5
qwen35,44,perception_a1_2_land_cover_classification__reasoning_b3_2_disaster_cause_inference,1.0,EWC,0.3448275862068966,58,0,180.15449537263513,1.0,qwen35_08b_bf16_res672_tok16_full_keep100_b1,ewc_r4_s10,0.5
qwen35,44,perception_a1_2_land_cover_classification__reasoning_b3_2_disaster_cause_inference,1.0,SADA,0.41379310344827586,58,27,32.35906314785049,1.0,qwen35_08b_fp16_res672_tok16_uniform_token_keep075_b1,plain_r4_s5,0.2642135789138225
qwen35,44,perception_a1_2_land_cover_classification__reasoning_b3_2_disaster_cause_inference,2.0,NoRetrain,0.3448275862068966,58,0,,1.0,qwen35_08b_bf16_res672_tok16_full_keep100_b1,,1.0
qwen35,44,perception_a1_2_land_cover_classification__reasoning_b3_2_disaster_cause_inference,2.0,Periodic,0.34482758620689646,58,0,63.847564196274114,0.9999999999999999,qwen35_08b_bf16_res672_tok16_full_keep100_b1,plain_r4_s10,0.5
qwen35,44,perception_a1_2_land_cover_classification__reasoning_b3_2_disaster_cause_inference,2.0,Static,0.34482758620689646,58,0,61.1584,0.9999999999999999,qwen35_08b_bf16_res672_tok16_full_keep100_b1,plain_r4_s10,0.5
qwen35,44,perception_a1_2_land_cover_classification__reasoning_b3_2_disaster_cause_inference,2.0,EWC,0.34482758620689646,58,0,180.15449537263513,0.9999999999999999,qwen35_08b_bf16_res672_tok16_full_keep100_b1,ewc_r4_s10,0.5
qwen35,44,perception_a1_2_land_cover_classification__reasoning_b3_2_disaster_cause_inference,2.0,SADA,0.39655172413793105,58,0,,1.0,qwen35_08b_bf16_res672_tok16_uniform_token_keep075_b1,,0.44896504908044915
qwen35,44,perception_a1_2_land_cover_classification__reasoning_b3_2_disaster_cause_inference,4.0,NoRetrain,0.34482758620689646,58,0,,0.9999999999999999,qwen35_08b_bf16_res672_tok16_full_keep100_b1,,1.0
qwen35,44,perception_a1_2_land_cover_classification__reasoning_b3_2_disaster_cause_inference,4.0,Periodic,0.2068965517241379,58,0,62.50298209813705,0.49999999999999994,qwen35_08b_bf16_res672_tok16_full_keep100_b1,plain_r4_s10,0.5
qwen35,44,perception_a1_2_land_cover_classification__reasoning_b3_2_disaster_cause_inference,4.0,Static,0.2068965517241379,58,0,61.1584,0.49999999999999994,qwen35_08b_bf16_res672_tok16_full_keep100_b1,plain_r4_s10,0.5
qwen35,44,perception_a1_2_land_cover_classification__reasoning_b3_2_disaster_cause_inference,4.0,EWC,0.2068965517241379,58,0,180.15449537263513,0.49999999999999994,qwen35_08b_bf16_res672_tok16_full_keep100_b1,ewc_r4_s10,0.5
qwen35,44,perception_a1_2_land_cover_classification__reasoning_b3_2_disaster_cause_inference,4.0,SADA,0.39655172413793105,58,0,,1.0,qwen35_08b_bf16_res672_tok16_uniform_token_keep075_b1,,0.8979300981608983
remoteclip,44,remoteclip,0.1,NoRetrain,0.19607843137254902,51,0,,1.0,rc_r50_keep100_fp32_b32,,1.0
remoteclip,44,remoteclip,0.1,Periodic,0.5294117647058824,51,45,18.532655942565846,1.0,rc_r50_keep100_fp32_b32,head_u16,0.5
remoteclip,44,remoteclip,0.1,Static,0.6078431372549019,51,50,0.5016604512929916,1.0,rc_r50_keep100_fp32_b32,head_u16,0.5
remoteclip,44,remoteclip,0.1,EWC,0.6078431372549019,51,50,0.5091327205300331,1.0,rc_r50_keep100_fp32_b32,head_u16_ewc,0.5
remoteclip,44,remoteclip,0.1,SADA,0.803921568627451,51,50,0.5197338794126143,1.0,rc_r50_keep075_fp16_b32,head_ep5,0.03125021521685867
remoteclip,44,remoteclip,0.25,NoRetrain,0.19607843137254902,51,0,,1.0,rc_r50_keep100_fp32_b32,,1.0
remoteclip,44,remoteclip,0.25,Periodic,0.5294117647058824,51,45,7.714058647802134,1.0,rc_r50_keep100_fp32_b32,head_u16,0.5
remoteclip,44,remoteclip,0.25,Static,0.6078431372549019,51,50,0.5016604512929916,1.0,rc_r50_keep100_fp32_b32,head_u16,0.5
remoteclip,44,remoteclip,0.25,EWC,0.6078431372549019,51,50,0.5091327205300331,1.0,rc_r50_keep100_fp32_b32,head_u16_ewc,0.5
remoteclip,44,remoteclip,0.25,SADA,0.803921568627451,51,50,0.5207373045059801,1.0,rc_r50_keep075_fp16_b32,head_ep5,0.07812553804214667
remoteclip,44,remoteclip,0.5,NoRetrain,0.19607843137254902,51,0,,1.0,rc_r50_keep100_fp32_b32,,1.0
remoteclip,44,remoteclip,0.5,Periodic,0.5294117647058824,51,45,4.1078595495475625,1.0,rc_r50_keep100_fp32_b32,head_u16,0.5
remoteclip,44,remoteclip,0.5,Static,0.6078431372549019,51,50,0.5016604512929916,1.0,rc_r50_keep100_fp32_b32,head_u16,0.5
remoteclip,44,remoteclip,0.5,EWC,0.6078431372549019,51,50,0.5091327205300331,1.0,rc_r50_keep100_fp32_b32,head_u16_ewc,0.5
remoteclip,44,remoteclip,0.5,SADA,0.803921568627451,51,50,0.5226574409661902,1.0,rc_r50_keep075_fp16_b32,head_ep5,0.15625107608429334
remoteclip,44,remoteclip,0.75,NoRetrain,0.19607843137254902,51,0,,1.0,rc_r50_keep100_fp32_b32,,1.0
remoteclip,44,remoteclip,0.75,Periodic,0.5098039215686274,51,44,2.905793183462706,1.0,rc_r50_keep100_fp32_b32,head_u16,0.5
remoteclip,44,remoteclip,0.75,Static,0.5882352941176471,51,49,0.5016604512929916,1.0,rc_r50_keep100_fp32_b32,head_u16,0.5
remoteclip,44,remoteclip,0.75,EWC,0.5882352941176471,51,49,0.5091327205300331,1.0,rc_r50_keep100_fp32_b32,head_u16_ewc,0.5
remoteclip,44,remoteclip,0.75,SADA,0.7843137254901961,51,49,0.5249694455350188,1.0,rc_r50_keep075_fp16_b32,head_ep5,0.23437661412643998
remoteclip,44,remoteclip,1.0,NoRetrain,0.19607843137254902,51,0,,1.0,rc_r50_keep100_fp32_b32,,1.0
remoteclip,44,remoteclip,1.0,Periodic,0.5098039215686274,51,44,2.304760000420277,1.0,rc_r50_keep100_fp32_b32,head_u16,0.5
remoteclip,44,remoteclip,1.0,Static,0.5882352941176471,51,49,0.5016604512929916,1.0,rc_r50_keep100_fp32_b32,head_u16,0.5
remoteclip,44,remoteclip,1.0,EWC,0.5882352941176471,51,49,0.5091327205300331,1.0,rc_r50_keep100_fp32_b32,head_u16_ewc,0.5
remoteclip,44,remoteclip,1.0,SADA,0.7843137254901961,51,49,0.5278069109513699,1.0,rc_r50_keep075_fp16_b32,head_ep5,0.3125021521685867
remoteclip,44,remoteclip,2.0,NoRetrain,0.19607843137254902,51,0,,1.0,rc_r50_keep100_fp32_b32,,1.0
remoteclip,44,remoteclip,2.0,Periodic,0.49019607843137253,51,43,1.4032102258566344,1.0,rc_r50_keep100_fp32_b32,head_u16,0.5
remoteclip,44,remoteclip,2.0,Static,0.5686274509803921,51,48,0.5016604512929916,1.0,rc_r50_keep100_fp32_b32,head_u16,0.5
remoteclip,44,remoteclip,2.0,EWC,0.5882352941176471,51,48,0.5091327205300331,1.0,rc_r50_keep100_fp32_b32,head_u16_ewc,0.5
remoteclip,44,remoteclip,2.0,SADA,0.7450980392156863,51,47,0.5509797623146468,1.0,rc_r50_keep075_fp16_b32,head_ep5,0.6250043043371734
remoteclip,44,remoteclip,4.0,NoRetrain,0.19607843137254902,51,0,,1.0,rc_r50_keep100_fp32_b32,,1.0
remoteclip,44,remoteclip,4.0,Periodic,0.23529411764705882,51,40,0.952435338574813,0.5,rc_r50_keep100_fp32_b32,head_u16,0.5
remoteclip,44,remoteclip,4.0,Static,0.2647058823529412,51,45,0.5016604512929916,0.5,rc_r50_keep100_fp32_b32,head_u16,0.5
remoteclip,44,remoteclip,4.0,EWC,0.27450980392156865,51,45,0.5091327205300331,0.5,rc_r50_keep100_fp32_b32,head_u16_ewc,0.5
remoteclip,44,remoteclip,4.0,SADA,0.497080143861929,51,44,0.607640524705251,0.9389291606280881,rc_r50_keep100_fp16_b32,head_ep1,0.97
resnet18,44,resnet18,0.1,NoRetrain,0.27450980392156865,51,0,,1.0,resnet18_keep100_fp32_b32,,1.0
resnet18,44,resnet18,0.1,Periodic,0.47058823529411764,51,45,4.992888723984165,1.0,resnet18_keep100_fp32_b32,head_u16,0.5
resnet18,44,resnet18,0.1,Static,0.49019607843137253,51,50,0.5010829195380211,1.0,resnet18_keep100_fp32_b32,head_u16,0.5
resnet18,44,resnet18,0.1,EWC,0.47058823529411764,51,50,0.506140723824501,1.0,resnet18_keep100_fp32_b32,head_u16_ewc,0.5
resnet18,44,resnet18,0.1,SADA,0.7450980392156863,51,50,0.5138887091036918,1.0,resnet18_input672_fp32,head_ep5,0.07340307640660804
resnet18,44,resnet18,0.25,NoRetrain,0.27450980392156865,51,0,,1.0,resnet18_keep100_fp32_b32,,1.0
resnet18,44,resnet18,0.25,Periodic,0.47058823529411764,51,44,2.2978052413164782,1.0,resnet18_keep100_fp32_b32,head_u16,0.5
resnet18,44,resnet18,0.25,Static,0.47058823529411764,51,49,0.5010829195380211,1.0,resnet18_keep100_fp32_b32,head_u16,0.5
resnet18,44,resnet18,0.25,EWC,0.45098039215686275,51,49,0.506140723824501,1.0,resnet18_keep100_fp32_b32,head_u16_ewc,0.5
resnet18,44,resnet18,0.25,SADA,0.7254901960784313,51,49,0.5157616121873656,1.0,resnet18_input672_fp32,head_ep5,0.1835076910165201
resnet18,44,resnet18,0.5,NoRetrain,0.27450980392156865,51,0,,1.0,resnet18_keep100_fp32_b32,,1.0
resnet18,44,resnet18,0.5,Periodic,0.45098039215686275,51,43,1.3994440804272497,1.0,resnet18_keep100_fp32_b32,head_u16,0.5
resnet18,44,resnet18,0.5,Static,0.47058823529411764,51,48,0.5010829195380211,1.0,resnet18_keep100_fp32_b32,head_u16,0.5
resnet18,44,resnet18,0.5,EWC,0.45098039215686275,51,48,0.506140723824501,1.0,resnet18_keep100_fp32_b32,head_u16_ewc,0.5
resnet18,44,resnet18,0.5,SADA,0.7058823529411765,51,48,0.5203310392746954,1.0,resnet18_input672_fp32,head_ep5,0.3670153820330402
resnet18,44,resnet18,0.75,NoRetrain,0.27450980392156865,51,0,,1.0,resnet18_keep100_fp32_b32,,1.0
resnet18,44,resnet18,0.75,Periodic,0.4469078516528194,51,41,1.0999903601308403,0.9905591106497177,resnet18_keep100_fp32_b32,head_u16,0.5
resnet18,44,resnet18,0.75,Static,0.46633057931261773,51,46,0.5010829195380211,0.9905591106497177,resnet18_keep100_fp32_b32,head_u16,0.5
resnet18,44,resnet18,0.75,EWC,0.4469078516528194,51,46,0.506140723824501,0.9905591106497177,resnet18_keep100_fp32_b32,head_u16_ewc,0.5
resnet18,44,resnet18,0.75,SADA,0.6862745098039216,51,46,0.5286315811925609,1.0,resnet18_input672_fp32,head_ep5,0.5505230730495603
resnet18,44,resnet18,1.0,NoRetrain,0.27450980392156865,51,0,,1.0,resnet18_keep100_fp32_b32,,1.0
resnet18,44,resnet18,1.0,Periodic,0.35464989526877705,51,40,0.9502634999826354,0.7429193329872883,resnet18_keep100_fp32_b32,head_u16,0.5
resnet18,44,resnet18,1.0,Static,0.35464989526877705,51,45,0.5010829195380211,0.7429193329872883,resnet18_keep100_fp32_b32,head_u16,0.5
resnet18,44,resnet18,1.0,EWC,0.34008284952392825,51,45,0.506140723824501,0.7429193329872883,resnet18_keep100_fp32_b32,head_u16_ewc,0.5
resnet18,44,resnet18,1.0,SADA,0.6470588235294118,51,44,0.5483861792623327,1.0,resnet18_input672_fp32,head_ep5,0.7340307640660804
resnet18,44,resnet18,2.0,NoRetrain,0.20393864042788307,51,0,,0.7429193329872883,resnet18_keep100_fp32_b32,,1.0
resnet18,44,resnet18,2.0,Periodic,0.16023750319333668,51,34,0.7256732097603282,0.37145966649364415,resnet18_keep100_fp32_b32,head_u16,0.5
resnet18,44,resnet18,2.0,Static,0.1820880718106099,51,39,0.5010829195380211,0.37145966649364415,resnet18_keep100_fp32_b32,head_u16,0.5
resnet18,44,resnet18,2.0,EWC,0.1820880718106099,51,39,0.506140723824501,0.37145966649364415,resnet18_keep100_fp32_b32,head_u16_ewc,0.5
resnet18,44,resnet18,2.0,SADA,0.33198297252510395,51,38,0.5541459769010544,0.7354901396574154,resnet18_keep100_fp32_b32,head_u16,0.99
resnet18,44,resnet18,4.0,NoRetrain,0.10196932021394153,51,0,,0.37145966649364415,resnet18_keep100_fp32_b32,,1.0
resnet18,44,resnet18,4.0,Periodic,0.09104403590530492,51,23,0.6133780646491747,0.18572983324682207,resnet18_keep100_fp32_b32,head_u16,0.5
resnet18,44,resnet18,4.0,Static,0.09104403590530492,51,28,0.5010829195380211,0.18572983324682207,resnet18_keep100_fp32_b32,head_u16,0.5
resnet18,44,resnet18,4.0,EWC,0.09104403590530492,51,28,0.506140723824501,0.18572983324682207,resnet18_keep100_fp32_b32,head_u16_ewc,0.5
resnet18,44,resnet18,4.0,SADA,0.15062325300173648,51,27,0.5270729884505272,0.36403047316377124,resnet18_keep100_fp32_b32,head_u16,0.98
