模型,种子,组ID,负载倍数,方法,窗口准确率,测试样本数,适配器评估样本数,就绪秒,推理资源份额,覆盖率,推理配置ID,重训练配置ID
qwen25,42,v2_g0_A8_B1,0.1,NoRetrain,0.2545454545454545,110,0,,1.0,1,final_fp32_res672_tok16_full_keep100_b1,
qwen25,42,v2_g0_A8_B1,0.1,Periodic,0.3181818181818182,110,61,1269.9049066186667,0.5,1,final_fp32_res672_tok16_full_keep100_b1,qwen25vl3b_lora_r8_a16_target120
qwen25,42,v2_g0_A8_B1,0.1,Static,0.32727272727272727,110,81,749.9382,0.5,1,final_fp32_res672_tok16_full_keep100_b1,qwen25vl3b_lora_r8_a16_target120
qwen25,42,v2_g0_A8_B1,0.1,EWC,0.3181818181818182,110,61,1265.6929339330077,0.5,1,final_fp32_res672_tok16_full_keep100_b1,qwen25vl3b_lora_r8_a16_target120
qwen25,42,v2_g0_A8_B1,0.1,SADA,0.22727272727272727,110,85,641.6723557205905,0.015041132803927312,1.0,final_fp32_res672_tok16_uniform_token_keep75_b1,qwen25vl3b_lora_r8_a16_profile80_target320
qwen25,42,v2_g1_A9_B3,0.1,NoRetrain,0.12727272727272726,110,0,,1.0,1,final_fp32_res672_tok16_full_keep100_b1,
qwen25,42,v2_g1_A9_B3,0.1,Periodic,0.5909090909090909,110,62,1235.8275066186666,0.5,1,final_fp32_res672_tok16_full_keep100_b1,qwen25vl3b_lora_r8_a16_target120
qwen25,42,v2_g1_A9_B3,0.1,Static,0.7636363636363637,110,82,715.8608,0.5,1,final_fp32_res672_tok16_full_keep100_b1,qwen25vl3b_lora_r8_a16_target120
qwen25,42,v2_g1_A9_B3,0.1,EWC,0.8363636363636363,110,96,356.0222804727137,0.5,1,final_fp32_res672_tok16_full_keep100_b1,qwen25vl3b_lora_r8_a16_target120
qwen25,42,v2_g1_A9_B3,0.1,SADA,0.9181818181818182,110,103,171.38830769230768,0.025,1.0,final_fp32_res672_tok16_full_keep100_b1,qwen25vl3b_lora_r16_a32_profile80_target80
qwen25,42,v2_g2_A8_B4,0.1,NoRetrain,0.7363636363636363,110,0,,1.0,1,final_fp32_res672_tok16_full_keep100_b1,
qwen25,42,v2_g2_A8_B4,0.1,Periodic,0.7909090909090909,110,81,750.0365066186666,0.5,1,final_fp32_res672_tok16_full_keep100_b1,qwen25vl3b_lora_r8_a16_target120
qwen25,42,v2_g2_A8_B4,0.1,Static,0.8090909090909091,110,101,230.0698,0.5,1,final_fp32_res672_tok16_full_keep100_b1,qwen25vl3b_lora_r8_a16_target120
qwen25,42,v2_g2_A8_B4,0.1,EWC,0.8,110,94,403.16927367937564,0.5,1,final_fp32_res672_tok16_full_keep100_b1,qwen25vl3b_lora_r8_a16_target120
qwen25,42,v2_g2_A8_B4,0.1,SADA,0.8272727272727273,110,101,224.97147067457735,0.016109595812967264,1.0,final_fp4_res672_tok16_full_keep100_b1,qwen25vl3b_lora_r16_a32_profile80_target320
qwen25,42,v2_g3_A9_B5,0.1,NoRetrain,0.5,110,0,,1.0,1,final_fp32_res672_tok16_full_keep100_b1,
qwen25,42,v2_g3_A9_B5,0.1,Periodic,0.5454545454545454,110,72,975.8181066186667,0.5,1,final_fp32_res672_tok16_full_keep100_b1,qwen25vl3b_lora_r8_a16_target120
qwen25,42,v2_g3_A9_B5,0.1,Static,0.5909090909090909,110,92,455.8514,0.5,1,final_fp32_res672_tok16_full_keep100_b1,qwen25vl3b_lora_r8_a16_target120
qwen25,42,v2_g3_A9_B5,0.1,EWC,0.4818181818181818,110,96,349.0215699454069,0.5,1,final_fp32_res672_tok16_full_keep100_b1,qwen25vl3b_lora_r8_a16_target120
qwen25,42,v2_g3_A9_B5,0.1,SADA,0.5727272727272728,110,80,763.395260301554,0.016109595812967264,1.0,final_fp4_res672_tok16_full_keep100_b1,qwen25vl3b_lora_r16_a32_profile80_target640
qwen25,42,v2_g5_A9_B7,0.1,NoRetrain,0.4818181818181818,110,0,,1.0,1,final_fp32_res672_tok16_full_keep100_b1,
qwen25,42,v2_g5_A9_B7,0.1,Periodic,0.4636363636363636,110,70,1018.4223066186667,0.5,1,final_fp32_res672_tok16_full_keep100_b1,qwen25vl3b_lora_r8_a16_target120
qwen25,42,v2_g5_A9_B7,0.1,Static,0.5181818181818182,110,90,498.4556,0.5,1,final_fp32_res672_tok16_full_keep100_b1,qwen25vl3b_lora_r8_a16_target120
qwen25,42,v2_g5_A9_B7,0.1,EWC,0.5272727272727272,110,96,360.74354347658755,0.5,1,final_fp32_res672_tok16_full_keep100_b1,qwen25vl3b_lora_r8_a16_target120
qwen25,42,v2_g5_A9_B7,0.1,SADA,0.5,110,76,880.3505641025641,0.025,1.0,final_fp32_res672_tok16_full_keep100_b1,qwen25vl3b_lora_r16_a32_profile80_target640
qwen25,42,v2_g0_A8_B1,0.25,NoRetrain,0.2545454545454545,110,0,,1.0,1,final_fp32_res672_tok16_full_keep100_b1,
qwen25,42,v2_g0_A8_B1,0.25,Periodic,0.2636363636363636,110,17,957.9248826474667,0.5,1,final_fp32_res672_tok16_full_keep100_b1,qwen25vl3b_lora_r8_a16_target120
qwen25,42,v2_g0_A8_B1,0.25,Static,0.2909090909090909,110,37,749.9382,0.5,1,final_fp32_res672_tok16_full_keep100_b1,qwen25vl3b_lora_r8_a16_target120
qwen25,42,v2_g0_A8_B1,0.25,EWC,0.2545454545454545,110,0,1265.6929339330077,0.5,1,final_fp32_res672_tok16_full_keep100_b1,qwen25vl3b_lora_r8_a16_target120
qwen25,42,v2_g0_A8_B1,0.25,SADA,0.2636363636363636,110,46,656.6448993441112,0.03760283200981828,1.0,final_fp32_res672_tok16_uniform_token_keep75_b1,qwen25vl3b_lora_r8_a16_profile80_target320
qwen25,42,v2_g1_A9_B3,0.25,NoRetrain,0.12727272727272726,110,0,,1.0,1,final_fp32_res672_tok16_full_keep100_b1,
qwen25,42,v2_g1_A9_B3,0.25,Periodic,0.2545454545454545,110,21,923.8474826474667,0.5,1,final_fp32_res672_tok16_full_keep100_b1,qwen25vl3b_lora_r8_a16_target120
qwen25,42,v2_g1_A9_B3,0.25,Static,0.4,110,41,715.8608,0.5,1,final_fp32_res672_tok16_full_keep100_b1,qwen25vl3b_lora_r8_a16_target120
qwen25,42,v2_g1_A9_B3,0.25,EWC,0.7,110,75,356.0222804727137,0.5,1,final_fp32_res672_tok16_full_keep100_b1,qwen25vl3b_lora_r8_a16_target120
qwen25,42,v2_g1_A9_B3,0.25,SADA,0.8272727272727273,110,92,178.12384,0.0625,1.0,final_fp32_res672_tok16_full_keep100_b1,qwen25vl3b_lora_r16_a32_profile80_target80
qwen25,42,v2_g2_A8_B4,0.25,NoRetrain,0.7363636363636363,110,0,,1.0,1,final_fp32_res672_tok16_full_keep100_b1,
qwen25,42,v2_g2_A8_B4,0.25,Periodic,0.7818181818181819,110,67,438.0564826474666,0.5,1,final_fp32_res672_tok16_full_keep100_b1,qwen25vl3b_lora_r8_a16_target120
qwen25,42,v2_g2_A8_B4,0.25,Static,0.8,110,87,230.0698,0.5,1,final_fp32_res672_tok16_full_keep100_b1,qwen25vl3b_lora_r8_a16_target120
qwen25,42,v2_g2_A8_B4,0.25,EWC,0.7818181818181819,110,71,403.16927367937564,0.5,1,final_fp32_res672_tok16_full_keep100_b1,qwen25vl3b_lora_r8_a16_target120
qwen25,42,v2_g2_A8_B4,0.25,SADA,0.8181818181818182,110,87,230.56036370588404,0.04027398953241816,1.0,final_fp4_res672_tok16_full_keep100_b1,qwen25vl3b_lora_r16_a32_profile80_target320
qwen25,42,v2_g3_A9_B5,0.25,NoRetrain,0.5,110,0,,1.0,1,final_fp32_res672_tok16_full_keep100_b1,
qwen25,42,v2_g3_A9_B5,0.25,Periodic,0.5363636363636364,110,46,663.8380826474666,0.5,1,final_fp32_res672_tok16_full_keep100_b1,qwen25vl3b_lora_r8_a16_target120
qwen25,42,v2_g3_A9_B5,0.25,Static,0.5363636363636364,110,66,455.8514,0.5,1,final_fp32_res672_tok16_full_keep100_b1,qwen25vl3b_lora_r8_a16_target120
qwen25,42,v2_g3_A9_B5,0.25,EWC,0.4727272727272727,110,76,349.0215699454069,0.5,1,final_fp32_res672_tok16_full_keep100_b1,qwen25vl3b_lora_r8_a16_target120
qwen25,42,v2_g3_A9_B5,0.25,SADA,0.4818181818181818,110,72,392.7704093877276,0.04027398953241816,1.0,final_fp4_res672_tok16_full_keep100_b1,qwen25vl3b_lora_r16_a32_profile80_target320
qwen25,42,v2_g5_A9_B7,0.25,NoRetrain,0.4818181818181818,110,0,,1.0,1,final_fp32_res672_tok16_full_keep100_b1,
qwen25,42,v2_g5_A9_B7,0.25,Periodic,0.509090909090909,110,42,706.4422826474666,0.5,1,final_fp32_res672_tok16_full_keep100_b1,qwen25vl3b_lora_r8_a16_target120
qwen25,42,v2_g5_A9_B7,0.25,Static,0.4636363636363636,110,62,498.4556,0.5,1,final_fp32_res672_tok16_full_keep100_b1,qwen25vl3b_lora_r8_a16_target120
qwen25,42,v2_g5_A9_B7,0.25,EWC,0.4636363636363636,110,75,360.74354347658755,0.5,1,final_fp32_res672_tok16_full_keep100_b1,qwen25vl3b_lora_r8_a16_target120
qwen25,42,v2_g5_A9_B7,0.25,SADA,0.4818181818181818,110,66,456.58037333333334,0.0625,1.0,final_fp32_res672_tok16_full_keep100_b1,qwen25vl3b_lora_r8_a16_profile80_target320
qwen25,42,v2_g0_A8_B1,0.5,NoRetrain,0.2545454545454545,110,0,,1.0,1,final_fp32_res672_tok16_full_keep100_b1,
qwen25,42,v2_g0_A8_B1,0.5,Periodic,0.2545454545454545,110,0,853.9315413237334,0.5,1,final_fp32_res672_tok16_full_keep100_b1,qwen25vl3b_lora_r8_a16_target120
qwen25,42,v2_g0_A8_B1,0.5,Static,0.2545454545454545,110,0,749.9382,0.5,1,final_fp32_res672_tok16_full_keep100_b1,qwen25vl3b_lora_r8_a16_target120
qwen25,42,v2_g0_A8_B1,0.5,EWC,0.2545454545454545,110,0,1265.6929339330077,0.5,1,final_fp32_res672_tok16_full_keep100_b1,qwen25vl3b_lora_r8_a16_target120
qwen25,42,v2_g0_A8_B1,0.5,SADA,0.2818181818181818,110,76,173.05564792228498,0.07520566401963656,1.0,final_fp32_res672_tok16_uniform_token_keep75_b1,qwen25vl3b_lora_r8_a16_profile80_target80
qwen25,42,v2_g1_A9_B3,0.5,NoRetrain,0.12727272727272726,110,0,,1.0,1,final_fp32_res672_tok16_full_keep100_b1,
qwen25,42,v2_g1_A9_B3,0.5,Periodic,0.12727272727272726,110,0,819.8541413237334,0.5,1,final_fp32_res672_tok16_full_keep100_b1,qwen25vl3b_lora_r8_a16_target120
qwen25,42,v2_g1_A9_B3,0.5,Static,0.12727272727272726,110,0,715.8608,0.5,1,final_fp32_res672_tok16_full_keep100_b1,qwen25vl3b_lora_r8_a16_target120
qwen25,42,v2_g1_A9_B3,0.5,EWC,0.4090909090909091,110,41,356.0222804727137,0.5,1,final_fp32_res672_tok16_full_keep100_b1,qwen25vl3b_lora_r8_a16_target120
qwen25,42,v2_g1_A9_B3,0.5,SADA,0.7181818181818181,110,75,180.52985027309475,0.07520566401963656,1.0,final_fp32_res672_tok16_uniform_token_keep75_b1,qwen25vl3b_lora_r16_a32_profile80_target80
qwen25,42,v2_g2_A8_B4,0.5,NoRetrain,0.7363636363636363,110,0,,1.0,1,final_fp32_res672_tok16_full_keep100_b1,
qwen25,42,v2_g2_A8_B4,0.5,Periodic,0.7545454545454545,110,45,334.0631413237333,0.5,1,final_fp32_res672_tok16_full_keep100_b1,qwen25vl3b_lora_r8_a16_target120
qwen25,42,v2_g2_A8_B4,0.5,Static,0.7818181818181819,110,65,230.0698,0.5,1,final_fp32_res672_tok16_full_keep100_b1,qwen25vl3b_lora_r8_a16_target120
qwen25,42,v2_g2_A8_B4,0.5,EWC,0.7545454545454545,110,32,403.16927367937564,0.5,1,final_fp32_res672_tok16_full_keep100_b1,qwen25vl3b_lora_r8_a16_target120
qwen25,42,v2_g2_A8_B4,0.5,SADA,0.8090909090909091,110,63,240.52800040384102,0.08054797906483632,1.0,final_fp4_res672_tok16_full_keep100_b1,qwen25vl3b_lora_r16_a32_profile80_target320
qwen25,42,v2_g3_A9_B5,0.5,NoRetrain,0.5,110,0,,1.0,1,final_fp32_res672_tok16_full_keep100_b1,
qwen25,42,v2_g3_A9_B5,0.5,Periodic,0.5,110,2,559.8447413237334,0.5,1,final_fp32_res672_tok16_full_keep100_b1,qwen25vl3b_lora_r8_a16_target120
qwen25,42,v2_g3_A9_B5,0.5,Static,0.509090909090909,110,22,455.8514,0.5,1,final_fp32_res672_tok16_full_keep100_b1,qwen25vl3b_lora_r8_a16_target120
qwen25,42,v2_g3_A9_B5,0.5,EWC,0.4909090909090909,110,42,349.0215699454069,0.5,1,final_fp32_res672_tok16_full_keep100_b1,qwen25vl3b_lora_r8_a16_target120
qwen25,42,v2_g3_A9_B5,0.5,SADA,0.509090909090909,110,89,104.71079933554743,0.08054797906483632,1.0,final_fp4_res672_tok16_full_keep100_b1,qwen25vl3b_lora_r16_a32_profile80_target80
qwen25,42,v2_g5_A9_B7,0.5,NoRetrain,0.4818181818181818,110,0,,1.0,1,final_fp32_res672_tok16_full_keep100_b1,
qwen25,42,v2_g5_A9_B7,0.5,Periodic,0.4818181818181818,110,0,602.4489413237334,0.5,1,final_fp32_res672_tok16_full_keep100_b1,qwen25vl3b_lora_r8_a16_target120
qwen25,42,v2_g5_A9_B7,0.5,Static,0.4818181818181818,110,14,498.4556,0.5,1,final_fp32_res672_tok16_full_keep100_b1,qwen25vl3b_lora_r8_a16_target120
qwen25,42,v2_g5_A9_B7,0.5,EWC,0.4818181818181818,110,40,360.74354347658755,0.5,1,final_fp32_res672_tok16_full_keep100_b1,qwen25vl3b_lora_r8_a16_target120
qwen25,42,v2_g5_A9_B7,0.5,SADA,0.5272727272727272,110,86,124.49474285714287,0.125,1.0,final_fp32_res672_tok16_full_keep100_b1,qwen25vl3b_lora_r8_a16_profile80_target80
qwen25,42,v2_g0_A8_B1,0.75,NoRetrain,0.2545454545454545,110,0,,1.0,1,final_fp32_res672_tok16_full_keep100_b1,
qwen25,42,v2_g0_A8_B1,0.75,Periodic,0.2545454545454545,110,0,819.2670942158222,0.5,1,final_fp32_res672_tok16_full_keep100_b1,qwen25vl3b_lora_r8_a16_target120
qwen25,42,v2_g0_A8_B1,0.75,Static,0.2545454545454545,110,0,749.9382,0.5,1,final_fp32_res672_tok16_full_keep100_b1,qwen25vl3b_lora_r8_a16_target120
qwen25,42,v2_g0_A8_B1,0.75,EWC,0.2545454545454545,110,0,1265.6929339330077,0.5,1,final_fp32_res672_tok16_full_keep100_b1,qwen25vl3b_lora_r8_a16_target120
qwen25,42,v2_g0_A8_B1,0.75,SADA,0.24545454545454545,110,57,180.26330707199972,0.11280849602945484,1.0,final_fp32_res672_tok16_uniform_token_keep75_b1,qwen25vl3b_lora_r8_a16_profile80_target80
qwen25,42,v2_g1_A9_B3,0.75,NoRetrain,0.12727272727272726,110,0,,1.0,1,final_fp32_res672_tok16_full_keep100_b1,
qwen25,42,v2_g1_A9_B3,0.75,Periodic,0.12727272727272726,110,0,785.1896942158223,0.5,1,final_fp32_res672_tok16_full_keep100_b1,qwen25vl3b_lora_r8_a16_target120
qwen25,42,v2_g1_A9_B3,0.75,Static,0.12727272727272726,110,0,715.8608,0.5,1,final_fp32_res672_tok16_full_keep100_b1,qwen25vl3b_lora_r8_a16_target120
qwen25,42,v2_g1_A9_B3,0.75,EWC,0.15454545454545454,110,7,356.0222804727137,0.5,1,final_fp32_res672_tok16_full_keep100_b1,qwen25vl3b_lora_r8_a16_target120
qwen25,42,v2_g1_A9_B3,0.75,SADA,0.5363636363636364,110,55,188.0542969192486,0.11280849602945484,1.0,final_fp32_res672_tok16_uniform_token_keep75_b1,qwen25vl3b_lora_r16_a32_profile80_target80
qwen25,42,v2_g2_A8_B4,0.75,NoRetrain,0.7363636363636363,110,0,,1.0,1,final_fp32_res672_tok16_full_keep100_b1,
qwen25,42,v2_g2_A8_B4,0.75,Periodic,0.7636363636363637,110,23,299.3986942158222,0.5,1,final_fp32_res672_tok16_full_keep100_b1,qwen25vl3b_lora_r8_a16_target120
qwen25,42,v2_g2_A8_B4,0.75,Static,0.7545454545454545,110,43,230.0698,0.5,1,final_fp32_res672_tok16_full_keep100_b1,qwen25vl3b_lora_r8_a16_target120
qwen25,42,v2_g2_A8_B4,0.75,EWC,0.7363636363636363,110,0,403.16927367937564,0.5,1,final_fp32_res672_tok16_full_keep100_b1,qwen25vl3b_lora_r8_a16_target120
qwen25,42,v2_g2_A8_B4,0.75,SADA,0.7909090909090909,110,91,65.10221144048197,0.12082196859725447,1.0,final_fp4_res672_tok16_full_keep100_b1,qwen25vl3b_lora_r16_a32_profile80_target80
qwen25,42,v2_g3_A9_B5,0.75,NoRetrain,0.5,110,0,,1.0,1,final_fp32_res672_tok16_full_keep100_b1,
qwen25,42,v2_g3_A9_B5,0.75,Periodic,0.5,110,0,525.1802942158222,0.5,1,final_fp32_res672_tok16_full_keep100_b1,qwen25vl3b_lora_r8_a16_target120
qwen25,42,v2_g3_A9_B5,0.75,Static,0.5,110,0,455.8514,0.5,1,final_fp32_res672_tok16_full_keep100_b1,qwen25vl3b_lora_r8_a16_target120
qwen25,42,v2_g3_A9_B5,0.75,EWC,0.5,110,9,349.0215699454069,0.5,1,final_fp32_res672_tok16_full_keep100_b1,qwen25vl3b_lora_r8_a16_target120
qwen25,42,v2_g3_A9_B5,0.75,SADA,0.4818181818181818,110,78,109.37003730722195,0.12082196859725447,1.0,final_fp4_res672_tok16_full_keep100_b1,qwen25vl3b_lora_r16_a32_profile80_target80
qwen25,42,v2_g5_A9_B7,0.75,NoRetrain,0.4818181818181818,110,0,,1.0,1,final_fp32_res672_tok16_full_keep100_b1,
qwen25,42,v2_g5_A9_B7,0.75,Periodic,0.4818181818181818,110,0,567.7844942158222,0.5,1,final_fp32_res672_tok16_full_keep100_b1,qwen25vl3b_lora_r8_a16_target120
qwen25,42,v2_g5_A9_B7,0.75,Static,0.4818181818181818,110,0,498.4556,0.5,1,final_fp32_res672_tok16_full_keep100_b1,qwen25vl3b_lora_r8_a16_target120
qwen25,42,v2_g5_A9_B7,0.75,EWC,0.4909090909090909,110,5,360.74354347658755,0.5,1,final_fp32_res672_tok16_full_keep100_b1,qwen25vl3b_lora_r8_a16_target120
qwen25,42,v2_g5_A9_B7,0.75,SADA,0.509090909090909,110,71,133.8404923076923,0.1875,1.0,final_fp32_res672_tok16_full_keep100_b1,qwen25vl3b_lora_r8_a16_profile80_target80
qwen25,42,v2_g0_A8_B1,1.0,NoRetrain,0.2545454545454545,110,0,,1.0,1,final_fp32_res672_tok16_full_keep100_b1,
qwen25,42,v2_g0_A8_B1,1.0,Periodic,0.2545454545454545,110,0,801.9348706618667,0.5,1,final_fp32_res672_tok16_full_keep100_b1,qwen25vl3b_lora_r8_a16_target120
qwen25,42,v2_g0_A8_B1,1.0,Static,0.2545454545454545,110,0,749.9382,0.5,1,final_fp32_res672_tok16_full_keep100_b1,qwen25vl3b_lora_r8_a16_target120
qwen25,42,v2_g0_A8_B1,1.0,EWC,0.2545454545454545,110,0,1265.6929339330077,0.5,1,final_fp32_res672_tok16_full_keep100_b1,qwen25vl3b_lora_r8_a16_target120
qwen25,42,v2_g0_A8_B1,1.0,SADA,0.2545454545454545,110,37,188.1089888440389,0.15041132803927312,1.0,final_fp32_res672_tok16_uniform_token_keep75_b1,qwen25vl3b_lora_r8_a16_profile80_target80
qwen25,42,v2_g1_A9_B3,1.0,NoRetrain,0.12727272727272726,110,0,,1.0,1,final_fp32_res672_tok16_full_keep100_b1,
qwen25,42,v2_g1_A9_B3,1.0,Periodic,0.12727272727272726,110,0,767.8574706618667,0.5,1,final_fp32_res672_tok16_full_keep100_b1,qwen25vl3b_lora_r8_a16_target120
qwen25,42,v2_g1_A9_B3,1.0,Static,0.12727272727272726,110,0,715.8608,0.5,1,final_fp32_res672_tok16_full_keep100_b1,qwen25vl3b_lora_r8_a16_target120
qwen25,42,v2_g1_A9_B3,1.0,EWC,0.12727272727272726,110,0,356.0222804727137,0.5,1,final_fp32_res672_tok16_full_keep100_b1,qwen25vl3b_lora_r8_a16_target120
qwen25,42,v2_g1_A9_B3,1.0,SADA,0.36363636363636365,110,34,196.24480824479417,0.15041132803927312,1.0,final_fp32_res672_tok16_uniform_token_keep75_b1,qwen25vl3b_lora_r16_a32_profile80_target80
qwen25,42,v2_g2_A8_B4,1.0,NoRetrain,0.7363636363636363,110,0,,1.0,1,final_fp32_res672_tok16_full_keep100_b1,
qwen25,42,v2_g2_A8_B4,1.0,Periodic,0.7363636363636363,110,1,282.0664706618667,0.5,1,final_fp32_res672_tok16_full_keep100_b1,qwen25vl3b_lora_r8_a16_target120
qwen25,42,v2_g2_A8_B4,1.0,Static,0.7545454545454545,110,21,230.0698,0.5,1,final_fp32_res672_tok16_full_keep100_b1,qwen25vl3b_lora_r8_a16_target120
qwen25,42,v2_g2_A8_B4,1.0,EWC,0.7363636363636363,110,0,403.16927367937564,0.5,1,final_fp32_res672_tok16_full_keep100_b1,qwen25vl3b_lora_r8_a16_target120
qwen25,42,v2_g2_A8_B4,1.0,SADA,0.8090909090909091,110,83,68.08360584158393,0.16109595812967265,1.0,final_fp4_res672_tok16_full_keep100_b1,qwen25vl3b_lora_r16_a32_profile80_target80
qwen25,42,v2_g3_A9_B5,1.0,NoRetrain,0.5,110,0,,1.0,1,final_fp32_res672_tok16_full_keep100_b1,
qwen25,42,v2_g3_A9_B5,1.0,Periodic,0.5,110,0,507.8480706618667,0.5,1,final_fp32_res672_tok16_full_keep100_b1,qwen25vl3b_lora_r8_a16_target120
qwen25,42,v2_g3_A9_B5,1.0,Static,0.5,110,0,455.8514,0.5,1,final_fp32_res672_tok16_full_keep100_b1,qwen25vl3b_lora_r8_a16_target120
qwen25,42,v2_g3_A9_B5,1.0,EWC,0.5,110,0,349.0215699454069,0.5,1,final_fp32_res672_tok16_full_keep100_b1,qwen25vl3b_lora_r8_a16_target120
qwen25,42,v2_g3_A9_B5,1.0,SADA,0.4727272727272727,110,65,114.47663538669119,0.16109595812967265,1.0,final_fp4_res672_tok16_full_keep100_b1,qwen25vl3b_lora_r16_a32_profile80_target80
qwen25,42,v2_g5_A9_B7,1.0,NoRetrain,0.4818181818181818,110,0,,1.0,1,final_fp32_res672_tok16_full_keep100_b1,
qwen25,42,v2_g5_A9_B7,1.0,Periodic,0.4818181818181818,110,0,550.4522706618667,0.5,1,final_fp32_res672_tok16_full_keep100_b1,qwen25vl3b_lora_r8_a16_target120
qwen25,42,v2_g5_A9_B7,1.0,Static,0.4818181818181818,110,0,498.4556,0.5,1,final_fp32_res672_tok16_full_keep100_b1,qwen25vl3b_lora_r8_a16_target120
qwen25,42,v2_g5_A9_B7,1.0,EWC,0.4818181818181818,110,0,360.74354347658755,0.5,1,final_fp32_res672_tok16_full_keep100_b1,qwen25vl3b_lora_r8_a16_target120
qwen25,42,v2_g5_A9_B7,1.0,SADA,0.5454545454545454,110,54,144.74386666666666,0.25,1.0,final_fp32_res672_tok16_full_keep100_b1,qwen25vl3b_lora_r8_a16_profile80_target80
qwen25,42,v2_g0_A8_B1,2.0,NoRetrain,0.2545454545454545,110,0,,1.0,1,final_fp32_res672_tok16_full_keep100_b1,
qwen25,42,v2_g0_A8_B1,2.0,Periodic,0.2545454545454545,110,0,775.9365353309333,0.5,1,final_fp32_res672_tok16_full_keep100_b1,qwen25vl3b_lora_r8_a16_target120
qwen25,42,v2_g0_A8_B1,2.0,Static,0.2545454545454545,110,0,749.9382,0.5,1,final_fp32_res672_tok16_full_keep100_b1,qwen25vl3b_lora_r8_a16_target120
qwen25,42,v2_g0_A8_B1,2.0,EWC,0.2545454545454545,110,0,1265.6929339330077,0.5,1,final_fp32_res672_tok16_full_keep100_b1,qwen25vl3b_lora_r8_a16_target120
qwen25,42,v2_g0_A8_B1,2.0,SADA,0.2545454545454545,110,0,,0.30082265607854625,1.0,final_fp32_res672_tok16_uniform_token_keep75_b1,
qwen25,42,v2_g1_A9_B3,2.0,NoRetrain,0.12727272727272726,110,0,,1.0,1,final_fp32_res672_tok16_full_keep100_b1,
qwen25,42,v2_g1_A9_B3,2.0,Periodic,0.12727272727272726,110,0,741.8591353309333,0.5,1,final_fp32_res672_tok16_full_keep100_b1,qwen25vl3b_lora_r8_a16_target120
qwen25,42,v2_g1_A9_B3,2.0,Static,0.12727272727272726,110,0,715.8608,0.5,1,final_fp32_res672_tok16_full_keep100_b1,qwen25vl3b_lora_r8_a16_target120
qwen25,42,v2_g1_A9_B3,2.0,EWC,0.12727272727272726,110,0,356.0222804727137,0.5,1,final_fp32_res672_tok16_full_keep100_b1,qwen25vl3b_lora_r8_a16_target120
qwen25,42,v2_g1_A9_B3,2.0,SADA,0.12727272727272726,110,0,,0.5,1.0,final_fp32_res672_tok16_full_keep100_b1,
qwen25,42,v2_g2_A8_B4,2.0,NoRetrain,0.7363636363636363,110,0,,1.0,1,final_fp32_res672_tok16_full_keep100_b1,
qwen25,42,v2_g2_A8_B4,2.0,Periodic,0.7363636363636363,110,0,256.06813533093333,0.5,1,final_fp32_res672_tok16_full_keep100_b1,qwen25vl3b_lora_r8_a16_target120
qwen25,42,v2_g2_A8_B4,2.0,Static,0.7363636363636363,110,0,230.0698,0.5,1,final_fp32_res672_tok16_full_keep100_b1,qwen25vl3b_lora_r8_a16_target120
qwen25,42,v2_g2_A8_B4,2.0,EWC,0.7363636363636363,110,0,403.16927367937564,0.5,1,final_fp32_res672_tok16_full_keep100_b1,qwen25vl3b_lora_r8_a16_target120
qwen25,42,v2_g2_A8_B4,2.0,SADA,0.7909090909090909,110,45,83.55215231232152,0.3221919162593453,1.0,final_fp4_res672_tok16_full_keep100_b1,qwen25vl3b_lora_r16_a32_profile80_target80
qwen25,42,v2_g3_A9_B5,2.0,NoRetrain,0.5,110,0,,1.0,1,final_fp32_res672_tok16_full_keep100_b1,
qwen25,42,v2_g3_A9_B5,2.0,Periodic,0.5,110,0,481.84973533093336,0.5,1,final_fp32_res672_tok16_full_keep100_b1,qwen25vl3b_lora_r8_a16_target120
qwen25,42,v2_g3_A9_B5,2.0,Static,0.5,110,0,455.8514,0.5,1,final_fp32_res672_tok16_full_keep100_b1,qwen25vl3b_lora_r8_a16_target120
qwen25,42,v2_g3_A9_B5,2.0,EWC,0.5,110,0,349.0215699454069,0.5,1,final_fp32_res672_tok16_full_keep100_b1,qwen25vl3b_lora_r8_a16_target120
qwen25,42,v2_g3_A9_B5,2.0,SADA,0.4727272727272727,110,0,,0.3221919162593453,1.0,final_fp4_res672_tok16_full_keep100_b1,
qwen25,42,v2_g5_A9_B7,2.0,NoRetrain,0.4818181818181818,110,0,,1.0,1,final_fp32_res672_tok16_full_keep100_b1,
qwen25,42,v2_g5_A9_B7,2.0,Periodic,0.4818181818181818,110,0,524.4539353309333,0.5,1,final_fp32_res672_tok16_full_keep100_b1,qwen25vl3b_lora_r8_a16_target120
qwen25,42,v2_g5_A9_B7,2.0,Static,0.4818181818181818,110,0,498.4556,0.5,1,final_fp32_res672_tok16_full_keep100_b1,qwen25vl3b_lora_r8_a16_target120
qwen25,42,v2_g5_A9_B7,2.0,EWC,0.4818181818181818,110,0,360.74354347658755,0.5,1,final_fp32_res672_tok16_full_keep100_b1,qwen25vl3b_lora_r8_a16_target120
qwen25,42,v2_g5_A9_B7,2.0,SADA,0.4818181818181818,110,0,,0.5,1.0,final_fp32_res672_tok16_full_keep100_b1,
qwen25,42,v2_g0_A8_B1,4.0,NoRetrain,0.2545454545454545,110,0,,1.0,1,final_fp32_res672_tok16_full_keep100_b1,
qwen25,42,v2_g0_A8_B1,4.0,Periodic,0.1318181818181818,110,0,762.9373676654667,0.5,0.5,final_fp32_res672_tok16_full_keep100_b1,qwen25vl3b_lora_r8_a16_target120
qwen25,42,v2_g0_A8_B1,4.0,Static,0.1318181818181818,110,0,749.9382,0.5,0.5,final_fp32_res672_tok16_full_keep100_b1,qwen25vl3b_lora_r8_a16_target120
qwen25,42,v2_g0_A8_B1,4.0,EWC,0.1318181818181818,110,0,1265.6929339330077,0.5,0.5,final_fp32_res672_tok16_full_keep100_b1,qwen25vl3b_lora_r8_a16_target120
qwen25,42,v2_g0_A8_B1,4.0,SADA,0.2545454545454545,110,0,,0.6016453121570925,1.0,final_fp32_res672_tok16_uniform_token_keep75_b1,
qwen25,42,v2_g1_A9_B3,4.0,NoRetrain,0.12727272727272726,110,0,,1.0,1,final_fp32_res672_tok16_full_keep100_b1,
qwen25,42,v2_g1_A9_B3,4.0,Periodic,0.06818181818181818,110,0,728.8599676654667,0.5,0.5,final_fp32_res672_tok16_full_keep100_b1,qwen25vl3b_lora_r8_a16_target120
qwen25,42,v2_g1_A9_B3,4.0,Static,0.06818181818181818,110,0,715.8608,0.5,0.5,final_fp32_res672_tok16_full_keep100_b1,qwen25vl3b_lora_r8_a16_target120
qwen25,42,v2_g1_A9_B3,4.0,EWC,0.06818181818181818,110,0,356.0222804727137,0.5,0.5,final_fp32_res672_tok16_full_keep100_b1,qwen25vl3b_lora_r8_a16_target120
qwen25,42,v2_g1_A9_B3,4.0,SADA,0.12727272727272726,110,0,,1.0,1.0,final_fp32_res672_tok16_full_keep100_b1,
qwen25,42,v2_g2_A8_B4,4.0,NoRetrain,0.7363636363636363,110,0,,1.0,1,final_fp32_res672_tok16_full_keep100_b1,
qwen25,42,v2_g2_A8_B4,4.0,Periodic,0.38181818181818183,110,0,243.06896766546666,0.5,0.5,final_fp32_res672_tok16_full_keep100_b1,qwen25vl3b_lora_r8_a16_target120
qwen25,42,v2_g2_A8_B4,4.0,Static,0.38181818181818183,110,0,230.0698,0.5,0.5,final_fp32_res672_tok16_full_keep100_b1,qwen25vl3b_lora_r8_a16_target120
qwen25,42,v2_g2_A8_B4,4.0,EWC,0.38181818181818183,110,0,403.16927367937564,0.5,0.5,final_fp32_res672_tok16_full_keep100_b1,qwen25vl3b_lora_r8_a16_target120
qwen25,42,v2_g2_A8_B4,4.0,SADA,0.7636363636363637,110,0,,0.6443838325186906,1.0,final_fp4_res672_tok16_full_keep100_b1,
qwen25,42,v2_g3_A9_B5,4.0,NoRetrain,0.5,110,0,,1.0,1,final_fp32_res672_tok16_full_keep100_b1,
qwen25,42,v2_g3_A9_B5,4.0,Periodic,0.2727272727272727,110,0,468.85056766546666,0.5,0.5,final_fp32_res672_tok16_full_keep100_b1,qwen25vl3b_lora_r8_a16_target120
qwen25,42,v2_g3_A9_B5,4.0,Static,0.2727272727272727,110,0,455.8514,0.5,0.5,final_fp32_res672_tok16_full_keep100_b1,qwen25vl3b_lora_r8_a16_target120
qwen25,42,v2_g3_A9_B5,4.0,EWC,0.2727272727272727,110,0,349.0215699454069,0.5,0.5,final_fp32_res672_tok16_full_keep100_b1,qwen25vl3b_lora_r8_a16_target120
qwen25,42,v2_g3_A9_B5,4.0,SADA,0.4727272727272727,110,0,,0.6443838325186906,1.0,final_fp4_res672_tok16_full_keep100_b1,
qwen25,42,v2_g5_A9_B7,4.0,NoRetrain,0.4818181818181818,110,0,,1.0,1,final_fp32_res672_tok16_full_keep100_b1,
qwen25,42,v2_g5_A9_B7,4.0,Periodic,0.2545454545454545,110,0,511.45476766546665,0.5,0.5,final_fp32_res672_tok16_full_keep100_b1,qwen25vl3b_lora_r8_a16_target120
qwen25,42,v2_g5_A9_B7,4.0,Static,0.2545454545454545,110,0,498.4556,0.5,0.5,final_fp32_res672_tok16_full_keep100_b1,qwen25vl3b_lora_r8_a16_target120
qwen25,42,v2_g5_A9_B7,4.0,EWC,0.2545454545454545,110,0,360.74354347658755,0.5,0.5,final_fp32_res672_tok16_full_keep100_b1,qwen25vl3b_lora_r8_a16_target120
qwen25,42,v2_g5_A9_B7,4.0,SADA,0.4818181818181818,110,0,,1.0,1.0,final_fp32_res672_tok16_full_keep100_b1,
qwen25,43,v2_g0_A8_B1,0.1,NoRetrain,0.2545454545454545,110,0,,1.0,1,final_fp32_res672_tok16_full_keep100_b1,
qwen25,43,v2_g0_A8_B1,0.1,Periodic,0.33636363636363636,110,70,1028.9007066186666,0.5,1,final_fp32_res672_tok16_full_keep100_b1,qwen25vl3b_lora_r8_a16_target120
qwen25,43,v2_g0_A8_B1,0.1,Static,0.3,110,90,508.934,0.5,1,final_fp32_res672_tok16_full_keep100_b1,qwen25vl3b_lora_r8_a16_target120
qwen25,43,v2_g0_A8_B1,0.1,EWC,0.32727272727272727,110,72,981.6997776377857,0.5,1,final_fp32_res672_tok16_full_keep100_b1,qwen25vl3b_lora_r8_a16_target120
qwen25,43,v2_g0_A8_B1,0.1,SADA,0.2727272727272727,110,60,1275.749189586664,0.015041132803927312,1.0,final_fp32_res672_tok16_uniform_token_keep75_b1,qwen25vl3b_lora_r16_a32_profile80_target640
qwen25,43,v2_g1_A9_B3,0.1,NoRetrain,0.12727272727272726,110,0,,1.0,1,final_fp32_res672_tok16_full_keep100_b1,
qwen25,43,v2_g1_A9_B3,0.1,Periodic,0.6636363636363637,110,70,1031.9387066186666,0.5,1,final_fp32_res672_tok16_full_keep100_b1,qwen25vl3b_lora_r8_a16_target120
qwen25,43,v2_g1_A9_B3,0.1,Static,0.8272727272727273,110,90,511.972,0.5,1,final_fp32_res672_tok16_full_keep100_b1,qwen25vl3b_lora_r8_a16_target120
qwen25,43,v2_g1_A9_B3,0.1,EWC,0.8545454545454545,110,97,334.0986073614955,0.5,1,final_fp32_res672_tok16_full_keep100_b1,qwen25vl3b_lora_r8_a16_target120
qwen25,43,v2_g1_A9_B3,0.1,SADA,0.9181818181818182,110,103,168.79517948717947,0.025,1.0,final_fp32_res672_tok16_full_keep100_b1,qwen25vl3b_lora_r16_a32_profile80_target80
qwen25,43,v2_g2_A8_B4,0.1,NoRetrain,0.7363636363636363,110,0,,1.0,1,final_fp32_res672_tok16_full_keep100_b1,
qwen25,43,v2_g2_A8_B4,0.1,Periodic,0.7818181818181819,110,83,691.9861066186667,0.5,1,final_fp32_res672_tok16_full_keep100_b1,qwen25vl3b_lora_r8_a16_target120
qwen25,43,v2_g2_A8_B4,0.1,Static,0.7909090909090909,110,103,172.0194,0.5,1,final_fp32_res672_tok16_full_keep100_b1,qwen25vl3b_lora_r8_a16_target120
qwen25,43,v2_g2_A8_B4,0.1,EWC,0.8,110,95,376.49576422468425,0.5,1,final_fp32_res672_tok16_full_keep100_b1,qwen25vl3b_lora_r8_a16_target120
qwen25,43,v2_g2_A8_B4,0.1,SADA,0.8272727272727273,110,101,227.35263019196873,0.016109595812967264,1.0,final_fp4_res672_tok16_full_keep100_b1,qwen25vl3b_lora_r16_a32_profile80_target320
qwen25,43,v2_g3_A9_B5,0.1,NoRetrain,0.5,110,0,,1.0,1,final_fp32_res672_tok16_full_keep100_b1,
qwen25,43,v2_g3_A9_B5,0.1,Periodic,0.5545454545454546,110,78,808.5213066186666,0.5,1,final_fp32_res672_tok16_full_keep100_b1,qwen25vl3b_lora_r8_a16_target120
qwen25,43,v2_g3_A9_B5,0.1,Static,0.5818181818181818,110,98,288.5546,0.5,1,final_fp32_res672_tok16_full_keep100_b1,qwen25vl3b_lora_r8_a16_target120
qwen25,43,v2_g3_A9_B5,0.1,EWC,0.4909090909090909,110,97,322.80521725392936,0.5,1,final_fp32_res672_tok16_full_keep100_b1,qwen25vl3b_lora_r8_a16_target120
qwen25,43,v2_g3_A9_B5,0.1,SADA,0.5454545454545454,110,88,547.6948132834154,0.016109595812967264,1.0,final_fp4_res672_tok16_full_keep100_b1,qwen25vl3b_lora_r16_a32_profile80_target320
qwen25,43,v2_g5_A9_B7,0.1,NoRetrain,0.4818181818181818,110,0,,1.0,1,final_fp32_res672_tok16_full_keep100_b1,
qwen25,43,v2_g5_A9_B7,0.1,Periodic,0.4727272727272727,110,77,856.1167066186666,0.5,1,final_fp32_res672_tok16_full_keep100_b1,qwen25vl3b_lora_r8_a16_target120
qwen25,43,v2_g5_A9_B7,0.1,Static,0.5454545454545454,110,97,336.15,0.5,1,final_fp32_res672_tok16_full_keep100_b1,qwen25vl3b_lora_r8_a16_target120
qwen25,43,v2_g5_A9_B7,0.1,EWC,0.5272727272727272,110,97,315.96408507930636,0.5,1,final_fp32_res672_tok16_full_keep100_b1,qwen25vl3b_lora_r8_a16_target120
qwen25,43,v2_g5_A9_B7,0.1,SADA,0.4909090909090909,110,92,453.5862564102564,0.025,1.0,final_fp32_res672_tok16_full_keep100_b1,qwen25vl3b_lora_r32_a64_profile80_target320
qwen25,43,v2_g0_A8_B1,0.25,NoRetrain,0.2545454545454545,110,0,,1.0,1,final_fp32_res672_tok16_full_keep100_b1,
qwen25,43,v2_g0_A8_B1,0.25,Periodic,0.3181818181818182,110,41,716.9206826474667,0.5,1,final_fp32_res672_tok16_full_keep100_b1,qwen25vl3b_lora_r8_a16_target120
qwen25,43,v2_g0_A8_B1,0.25,Static,0.3181818181818182,110,61,508.934,0.5,1,final_fp32_res672_tok16_full_keep100_b1,qwen25vl3b_lora_r8_a16_target120
qwen25,43,v2_g0_A8_B1,0.25,EWC,0.2636363636363636,110,15,981.6997776377857,0.5,1,final_fp32_res672_tok16_full_keep100_b1,qwen25vl3b_lora_r8_a16_target120
qwen25,43,v2_g0_A8_B1,0.25,SADA,0.2727272727272727,110,47,654.2932714764542,0.03760283200981828,1.0,final_fp32_res672_tok16_uniform_token_keep75_b1,qwen25vl3b_lora_r16_a32_profile80_target320
qwen25,43,v2_g1_A9_B3,0.25,NoRetrain,0.12727272727272726,110,0,,1.0,1,final_fp32_res672_tok16_full_keep100_b1,
qwen25,43,v2_g1_A9_B3,0.25,Periodic,0.4,110,40,719.9586826474666,0.5,1,final_fp32_res672_tok16_full_keep100_b1,qwen25vl3b_lora_r8_a16_target120
qwen25,43,v2_g1_A9_B3,0.25,Static,0.5727272727272728,110,60,511.972,0.5,1,final_fp32_res672_tok16_full_keep100_b1,qwen25vl3b_lora_r8_a16_target120
qwen25,43,v2_g1_A9_B3,0.25,EWC,0.7181818181818181,110,77,334.0986073614955,0.5,1,final_fp32_res672_tok16_full_keep100_b1,qwen25vl3b_lora_r8_a16_target120
qwen25,43,v2_g1_A9_B3,0.25,SADA,0.8363636363636363,110,93,175.42698666666666,0.0625,1.0,final_fp32_res672_tok16_full_keep100_b1,qwen25vl3b_lora_r16_a32_profile80_target80
qwen25,43,v2_g2_A8_B4,0.25,NoRetrain,0.7363636363636363,110,0,,1.0,1,final_fp32_res672_tok16_full_keep100_b1,
qwen25,43,v2_g2_A8_B4,0.25,Periodic,0.7727272727272727,110,73,380.00608264746666,0.5,1,final_fp32_res672_tok16_full_keep100_b1,qwen25vl3b_lora_r8_a16_target120
qwen25,43,v2_g2_A8_B4,0.25,Static,0.7909090909090909,110,93,172.0194,0.5,1,final_fp32_res672_tok16_full_keep100_b1,qwen25vl3b_lora_r8_a16_target120
qwen25,43,v2_g2_A8_B4,0.25,EWC,0.7818181818181819,110,73,376.49576422468425,0.5,1,final_fp32_res672_tok16_full_keep100_b1,qwen25vl3b_lora_r8_a16_target120
qwen25,43,v2_g2_A8_B4,0.25,SADA,0.8181818181818182,110,87,233.00147708037576,0.04027398953241816,1.0,final_fp4_res672_tok16_full_keep100_b1,qwen25vl3b_lora_r16_a32_profile80_target320
qwen25,43,v2_g3_A9_B5,0.25,NoRetrain,0.5,110,0,,1.0,1,final_fp32_res672_tok16_full_keep100_b1,
qwen25,43,v2_g3_A9_B5,0.25,Periodic,0.509090909090909,110,62,496.5412826474667,0.5,1,final_fp32_res672_tok16_full_keep100_b1,qwen25vl3b_lora_r8_a16_target120
qwen25,43,v2_g3_A9_B5,0.25,Static,0.5727272727272728,110,82,288.5546,0.5,1,final_fp32_res672_tok16_full_keep100_b1,qwen25vl3b_lora_r8_a16_target120
qwen25,43,v2_g3_A9_B5,0.25,EWC,0.4818181818181818,110,78,322.80521725392936,0.5,1,final_fp32_res672_tok16_full_keep100_b1,qwen25vl3b_lora_r8_a16_target120
qwen25,43,v2_g3_A9_B5,0.25,SADA,0.4818181818181818,110,56,561.4093732532036,0.04027398953241816,1.0,final_fp4_res672_tok16_full_keep100_b1,qwen25vl3b_lora_r16_a32_profile80_target320
qwen25,43,v2_g5_A9_B7,0.25,NoRetrain,0.4818181818181818,110,0,,1.0,1,final_fp32_res672_tok16_full_keep100_b1,
qwen25,43,v2_g5_A9_B7,0.25,Periodic,0.5,110,57,544.1366826474666,0.5,1,final_fp32_res672_tok16_full_keep100_b1,qwen25vl3b_lora_r8_a16_target120
qwen25,43,v2_g5_A9_B7,0.25,Static,0.4727272727272727,110,77,336.15,0.5,1,final_fp32_res672_tok16_full_keep100_b1,qwen25vl3b_lora_r8_a16_target120
qwen25,43,v2_g5_A9_B7,0.25,EWC,0.45454545454545453,110,79,315.96408507930636,0.5,1,final_fp32_res672_tok16_full_keep100_b1,qwen25vl3b_lora_r8_a16_target120
qwen25,43,v2_g5_A9_B7,0.25,SADA,0.45454545454545453,110,64,471.6097066666667,0.0625,1.0,final_fp32_res672_tok16_full_keep100_b1,qwen25vl3b_lora_r32_a64_profile80_target320
qwen25,43,v2_g0_A8_B1,0.5,NoRetrain,0.2545454545454545,110,0,,1.0,1,final_fp32_res672_tok16_full_keep100_b1,
qwen25,43,v2_g0_A8_B1,0.5,Periodic,0.2545454545454545,110,0,612.9273413237333,0.5,1,final_fp32_res672_tok16_full_keep100_b1,qwen25vl3b_lora_r8_a16_target120
qwen25,43,v2_g0_A8_B1,0.5,Static,0.2727272727272727,110,12,508.934,0.5,1,final_fp32_res672_tok16_full_keep100_b1,qwen25vl3b_lora_r8_a16_target120
qwen25,43,v2_g0_A8_B1,0.5,EWC,0.2545454545454545,110,0,981.6997776377857,0.5,1,final_fp32_res672_tok16_full_keep100_b1,qwen25vl3b_lora_r8_a16_target120
qwen25,43,v2_g0_A8_B1,0.5,SADA,0.3090909090909091,110,76,173.96741821238535,0.07520566401963656,1.0,final_fp32_res672_tok16_uniform_token_keep75_b1,qwen25vl3b_lora_r32_a64_profile80_target80
qwen25,43,v2_g1_A9_B3,0.5,NoRetrain,0.12727272727272726,110,0,,1.0,1,final_fp32_res672_tok16_full_keep100_b1,
qwen25,43,v2_g1_A9_B3,0.5,Periodic,0.12727272727272726,110,0,615.9653413237334,0.5,1,final_fp32_res672_tok16_full_keep100_b1,qwen25vl3b_lora_r8_a16_target120
qwen25,43,v2_g1_A9_B3,0.5,Static,0.18181818181818182,110,11,511.972,0.5,1,final_fp32_res672_tok16_full_keep100_b1,qwen25vl3b_lora_r8_a16_target120
qwen25,43,v2_g1_A9_B3,0.5,EWC,0.44545454545454544,110,45,334.0986073614955,0.5,1,final_fp32_res672_tok16_full_keep100_b1,qwen25vl3b_lora_r8_a16_target120
qwen25,43,v2_g1_A9_B3,0.5,SADA,0.7181818181818181,110,75,177.7959451207456,0.07520566401963656,1.0,final_fp32_res672_tok16_uniform_token_keep75_b1,qwen25vl3b_lora_r16_a32_profile80_target80
qwen25,43,v2_g2_A8_B4,0.5,NoRetrain,0.7363636363636363,110,0,,1.0,1,final_fp32_res672_tok16_full_keep100_b1,
qwen25,43,v2_g2_A8_B4,0.5,Periodic,0.7545454545454545,110,56,276.01274132373334,0.5,1,final_fp32_res672_tok16_full_keep100_b1,qwen25vl3b_lora_r8_a16_target120
qwen25,43,v2_g2_A8_B4,0.5,Static,0.7818181818181819,110,76,172.0194,0.5,1,final_fp32_res672_tok16_full_keep100_b1,qwen25vl3b_lora_r8_a16_target120
qwen25,43,v2_g2_A8_B4,0.5,EWC,0.7545454545454545,110,37,376.49576422468425,0.5,1,final_fp32_res672_tok16_full_keep100_b1,qwen25vl3b_lora_r8_a16_target120
qwen25,43,v2_g2_A8_B4,0.5,SADA,0.8090909090909091,110,63,243.0760398302128,0.08054797906483632,1.0,final_fp4_res672_tok16_full_keep100_b1,qwen25vl3b_lora_r16_a32_profile80_target320
qwen25,43,v2_g3_A9_B5,0.5,NoRetrain,0.5,110,0,,1.0,1,final_fp32_res672_tok16_full_keep100_b1,
qwen25,43,v2_g3_A9_B5,0.5,Periodic,0.509090909090909,110,34,392.5479413237333,0.5,1,final_fp32_res672_tok16_full_keep100_b1,qwen25vl3b_lora_r8_a16_target120
qwen25,43,v2_g3_A9_B5,0.5,Static,0.509090909090909,110,54,288.5546,0.5,1,final_fp32_res672_tok16_full_keep100_b1,qwen25vl3b_lora_r8_a16_target120
qwen25,43,v2_g3_A9_B5,0.5,EWC,0.4727272727272727,110,47,322.80521725392936,0.5,1,final_fp32_res672_tok16_full_keep100_b1,qwen25vl3b_lora_r8_a16_target120
qwen25,43,v2_g3_A9_B5,0.5,SADA,0.5,110,81,148.71722825050787,0.08054797906483632,1.0,final_fp4_res672_tok16_full_keep100_b1,qwen25vl3b_lora_r16_a32_profile80_target80
qwen25,43,v2_g5_A9_B7,0.5,NoRetrain,0.4818181818181818,110,0,,1.0,1,final_fp32_res672_tok16_full_keep100_b1,
qwen25,43,v2_g5_A9_B7,0.5,Periodic,0.509090909090909,110,25,440.1433413237333,0.5,1,final_fp32_res672_tok16_full_keep100_b1,qwen25vl3b_lora_r8_a16_target120
qwen25,43,v2_g5_A9_B7,0.5,Static,0.5181818181818182,110,45,336.15,0.5,1,final_fp32_res672_tok16_full_keep100_b1,qwen25vl3b_lora_r8_a16_target120
qwen25,43,v2_g5_A9_B7,0.5,EWC,0.4818181818181818,110,49,315.96408507930636,0.5,1,final_fp32_res672_tok16_full_keep100_b1,qwen25vl3b_lora_r8_a16_target120
qwen25,43,v2_g5_A9_B7,0.5,SADA,0.4636363636363636,110,85,128.52045714285714,0.125,1.0,final_fp32_res672_tok16_full_keep100_b1,qwen25vl3b_lora_r32_a64_profile80_target80
qwen25,43,v2_g0_A8_B1,0.75,NoRetrain,0.2545454545454545,110,0,,1.0,1,final_fp32_res672_tok16_full_keep100_b1,
qwen25,43,v2_g0_A8_B1,0.75,Periodic,0.2545454545454545,110,0,578.2628942158223,0.5,1,final_fp32_res672_tok16_full_keep100_b1,qwen25vl3b_lora_r8_a16_target120
qwen25,43,v2_g0_A8_B1,0.75,Static,0.2545454545454545,110,0,508.934,0.5,1,final_fp32_res672_tok16_full_keep100_b1,qwen25vl3b_lora_r8_a16_target120
qwen25,43,v2_g0_A8_B1,0.75,EWC,0.2545454545454545,110,0,981.6997776377857,0.5,1,final_fp32_res672_tok16_full_keep100_b1,qwen25vl3b_lora_r8_a16_target120
qwen25,43,v2_g0_A8_B1,0.75,SADA,0.2818181818181818,110,57,181.21372194435403,0.11280849602945484,1.0,final_fp32_res672_tok16_uniform_token_keep75_b1,qwen25vl3b_lora_r32_a64_profile80_target80
qwen25,43,v2_g1_A9_B3,0.75,NoRetrain,0.12727272727272726,110,0,,1.0,1,final_fp32_res672_tok16_full_keep100_b1,
qwen25,43,v2_g1_A9_B3,0.75,Periodic,0.12727272727272726,110,0,581.3008942158222,0.5,1,final_fp32_res672_tok16_full_keep100_b1,qwen25vl3b_lora_r8_a16_target120
qwen25,43,v2_g1_A9_B3,0.75,Static,0.12727272727272726,110,0,511.972,0.5,1,final_fp32_res672_tok16_full_keep100_b1,qwen25vl3b_lora_r8_a16_target120
qwen25,43,v2_g1_A9_B3,0.75,EWC,0.20909090909090908,110,13,334.0986073614955,0.5,1,final_fp32_res672_tok16_full_keep100_b1,qwen25vl3b_lora_r8_a16_target120
qwen25,43,v2_g1_A9_B3,0.75,SADA,0.5454545454545454,110,56,185.20451760025736,0.11280849602945484,1.0,final_fp32_res672_tok16_uniform_token_keep75_b1,qwen25vl3b_lora_r16_a32_profile80_target80
qwen25,43,v2_g2_A8_B4,0.75,NoRetrain,0.7363636363636363,110,0,,1.0,1,final_fp32_res672_tok16_full_keep100_b1,
qwen25,43,v2_g2_A8_B4,0.75,Periodic,0.7454545454545455,110,40,241.34829421582222,0.5,1,final_fp32_res672_tok16_full_keep100_b1,qwen25vl3b_lora_r8_a16_target120
qwen25,43,v2_g2_A8_B4,0.75,Static,0.7636363636363637,110,60,172.0194,0.5,1,final_fp32_res672_tok16_full_keep100_b1,qwen25vl3b_lora_r8_a16_target120
qwen25,43,v2_g2_A8_B4,0.75,EWC,0.7363636363636363,110,1,376.49576422468425,0.5,1,final_fp32_res672_tok16_full_keep100_b1,qwen25vl3b_lora_r8_a16_target120
qwen25,43,v2_g2_A8_B4,0.75,SADA,0.7909090909090909,110,91,65.76840188096136,0.12082196859725447,1.0,final_fp4_res672_tok16_full_keep100_b1,qwen25vl3b_lora_r16_a32_profile80_target80
qwen25,43,v2_g3_A9_B5,0.75,NoRetrain,0.5,110,0,,1.0,1,final_fp32_res672_tok16_full_keep100_b1,
qwen25,43,v2_g3_A9_B5,0.75,Periodic,0.5,110,6,357.8834942158222,0.5,1,final_fp32_res672_tok16_full_keep100_b1,qwen25vl3b_lora_r8_a16_target120
qwen25,43,v2_g3_A9_B5,0.75,Static,0.509090909090909,110,26,288.5546,0.5,1,final_fp32_res672_tok16_full_keep100_b1,qwen25vl3b_lora_r8_a16_target120
qwen25,43,v2_g3_A9_B5,0.75,EWC,0.45454545454545453,110,16,322.80521725392936,0.5,1,final_fp32_res672_tok16_full_keep100_b1,qwen25vl3b_lora_r8_a16_target120
qwen25,43,v2_g3_A9_B5,0.75,SADA,0.5727272727272728,110,76,117.13592744110807,0.12082196859725447,1.0,final_fp4_res672_tok16_full_keep100_b1,qwen25vl3b_lora_r8_a16_profile80_target80
qwen25,43,v2_g5_A9_B7,0.75,NoRetrain,0.4818181818181818,110,0,,1.0,1,final_fp32_res672_tok16_full_keep100_b1,
qwen25,43,v2_g5_A9_B7,0.75,Periodic,0.4818181818181818,110,0,405.4788942158222,0.5,1,final_fp32_res672_tok16_full_keep100_b1,qwen25vl3b_lora_r8_a16_target120
qwen25,43,v2_g5_A9_B7,0.75,Static,0.4818181818181818,110,13,336.15,0.5,1,final_fp32_res672_tok16_full_keep100_b1,qwen25vl3b_lora_r8_a16_target120
qwen25,43,v2_g5_A9_B7,0.75,EWC,0.4727272727272727,110,18,315.96408507930636,0.5,1,final_fp32_res672_tok16_full_keep100_b1,qwen25vl3b_lora_r8_a16_target120
qwen25,43,v2_g5_A9_B7,0.75,SADA,0.45454545454545453,110,70,138.1758769230769,0.1875,1.0,final_fp32_res672_tok16_full_keep100_b1,qwen25vl3b_lora_r32_a64_profile80_target80
qwen25,43,v2_g0_A8_B1,1.0,NoRetrain,0.2545454545454545,110,0,,1.0,1,final_fp32_res672_tok16_full_keep100_b1,
qwen25,43,v2_g0_A8_B1,1.0,Periodic,0.2545454545454545,110,0,560.9306706618667,0.5,1,final_fp32_res672_tok16_full_keep100_b1,qwen25vl3b_lora_r8_a16_target120
qwen25,43,v2_g0_A8_B1,1.0,Static,0.2545454545454545,110,0,508.934,0.5,1,final_fp32_res672_tok16_full_keep100_b1,qwen25vl3b_lora_r8_a16_target120
qwen25,43,v2_g0_A8_B1,1.0,EWC,0.2545454545454545,110,0,981.6997776377857,0.5,1,final_fp32_res672_tok16_full_keep100_b1,qwen25vl3b_lora_r8_a16_target120
qwen25,43,v2_g0_A8_B1,1.0,SADA,0.2636363636363636,110,37,189.10146912046963,0.15041132803927312,1.0,final_fp32_res672_tok16_uniform_token_keep75_b1,qwen25vl3b_lora_r32_a64_profile80_target80
qwen25,43,v2_g1_A9_B3,1.0,NoRetrain,0.12727272727272726,110,0,,1.0,1,final_fp32_res672_tok16_full_keep100_b1,
qwen25,43,v2_g1_A9_B3,1.0,Periodic,0.12727272727272726,110,0,563.9686706618667,0.5,1,final_fp32_res672_tok16_full_keep100_b1,qwen25vl3b_lora_r8_a16_target120
qwen25,43,v2_g1_A9_B3,1.0,Static,0.12727272727272726,110,0,511.972,0.5,1,final_fp32_res672_tok16_full_keep100_b1,qwen25vl3b_lora_r8_a16_target120
qwen25,43,v2_g1_A9_B3,1.0,EWC,0.12727272727272726,110,0,334.0986073614955,0.5,1,final_fp32_res672_tok16_full_keep100_b1,qwen25vl3b_lora_r8_a16_target120
qwen25,43,v2_g1_A9_B3,1.0,SADA,0.37272727272727274,110,35,193.26889756773082,0.15041132803927312,1.0,final_fp32_res672_tok16_uniform_token_keep75_b1,qwen25vl3b_lora_r16_a32_profile80_target80
qwen25,43,v2_g2_A8_B4,1.0,NoRetrain,0.7363636363636363,110,0,,1.0,1,final_fp32_res672_tok16_full_keep100_b1,
qwen25,43,v2_g2_A8_B4,1.0,Periodic,0.7545454545454545,110,23,224.01607066186665,0.5,1,final_fp32_res672_tok16_full_keep100_b1,qwen25vl3b_lora_r8_a16_target120
qwen25,43,v2_g2_A8_B4,1.0,Static,0.7454545454545455,110,43,172.0194,0.5,1,final_fp32_res672_tok16_full_keep100_b1,qwen25vl3b_lora_r8_a16_target120
qwen25,43,v2_g2_A8_B4,1.0,EWC,0.7363636363636363,110,0,376.49576422468425,0.5,1,final_fp32_res672_tok16_full_keep100_b1,qwen25vl3b_lora_r8_a16_target120
qwen25,43,v2_g2_A8_B4,1.0,SADA,0.8090909090909091,110,83,68.78177866084248,0.16109595812967265,1.0,final_fp4_res672_tok16_full_keep100_b1,qwen25vl3b_lora_r16_a32_profile80_target80
qwen25,43,v2_g3_A9_B5,1.0,NoRetrain,0.5,110,0,,1.0,1,final_fp32_res672_tok16_full_keep100_b1,
qwen25,43,v2_g3_A9_B5,1.0,Periodic,0.5,110,0,340.5512706618667,0.5,1,final_fp32_res672_tok16_full_keep100_b1,qwen25vl3b_lora_r8_a16_target120
qwen25,43,v2_g3_A9_B5,1.0,Static,0.5,110,0,288.5546,0.5,1,final_fp32_res672_tok16_full_keep100_b1,qwen25vl3b_lora_r8_a16_target120
qwen25,43,v2_g3_A9_B5,1.0,EWC,0.5,110,0,322.80521725392936,0.5,1,final_fp32_res672_tok16_full_keep100_b1,qwen25vl3b_lora_r8_a16_target120
qwen25,43,v2_g3_A9_B5,1.0,SADA,0.5454545454545454,110,62,122.61534930297886,0.16109595812967265,1.0,final_fp4_res672_tok16_full_keep100_b1,qwen25vl3b_lora_r8_a16_profile80_target80
qwen25,43,v2_g5_A9_B7,1.0,NoRetrain,0.4818181818181818,110,0,,1.0,1,final_fp32_res672_tok16_full_keep100_b1,
qwen25,43,v2_g5_A9_B7,1.0,Periodic,0.4818181818181818,110,0,388.14667066186666,0.5,1,final_fp32_res672_tok16_full_keep100_b1,qwen25vl3b_lora_r8_a16_target120
qwen25,43,v2_g5_A9_B7,1.0,Static,0.4818181818181818,110,0,336.15,0.5,1,final_fp32_res672_tok16_full_keep100_b1,qwen25vl3b_lora_r8_a16_target120
qwen25,43,v2_g5_A9_B7,1.0,EWC,0.4818181818181818,110,0,315.96408507930636,0.5,1,final_fp32_res672_tok16_full_keep100_b1,qwen25vl3b_lora_r8_a16_target120
qwen25,43,v2_g5_A9_B7,1.0,SADA,0.4727272727272727,110,52,149.44053333333332,0.25,1.0,final_fp32_res672_tok16_full_keep100_b1,qwen25vl3b_lora_r32_a64_profile80_target80
qwen25,43,v2_g0_A8_B1,2.0,NoRetrain,0.2545454545454545,110,0,,1.0,1,final_fp32_res672_tok16_full_keep100_b1,
qwen25,43,v2_g0_A8_B1,2.0,Periodic,0.2545454545454545,110,0,534.9323353309334,0.5,1,final_fp32_res672_tok16_full_keep100_b1,qwen25vl3b_lora_r8_a16_target120
qwen25,43,v2_g0_A8_B1,2.0,Static,0.2545454545454545,110,0,508.934,0.5,1,final_fp32_res672_tok16_full_keep100_b1,qwen25vl3b_lora_r8_a16_target120
qwen25,43,v2_g0_A8_B1,2.0,EWC,0.2545454545454545,110,0,981.6997776377857,0.5,1,final_fp32_res672_tok16_full_keep100_b1,qwen25vl3b_lora_r8_a16_target120
qwen25,43,v2_g0_A8_B1,2.0,SADA,0.2545454545454545,110,0,,0.30082265607854625,1.0,final_fp32_res672_tok16_uniform_token_keep75_b1,
qwen25,43,v2_g1_A9_B3,2.0,NoRetrain,0.12727272727272726,110,0,,1.0,1,final_fp32_res672_tok16_full_keep100_b1,
qwen25,43,v2_g1_A9_B3,2.0,Periodic,0.12727272727272726,110,0,537.9703353309333,0.5,1,final_fp32_res672_tok16_full_keep100_b1,qwen25vl3b_lora_r8_a16_target120
qwen25,43,v2_g1_A9_B3,2.0,Static,0.12727272727272726,110,0,511.972,0.5,1,final_fp32_res672_tok16_full_keep100_b1,qwen25vl3b_lora_r8_a16_target120
qwen25,43,v2_g1_A9_B3,2.0,EWC,0.12727272727272726,110,0,334.0986073614955,0.5,1,final_fp32_res672_tok16_full_keep100_b1,qwen25vl3b_lora_r8_a16_target120
qwen25,43,v2_g1_A9_B3,2.0,SADA,0.12727272727272726,110,0,,0.5,1.0,final_fp32_res672_tok16_full_keep100_b1,
qwen25,43,v2_g2_A8_B4,2.0,NoRetrain,0.7363636363636363,110,0,,1.0,1,final_fp32_res672_tok16_full_keep100_b1,
qwen25,43,v2_g2_A8_B4,2.0,Periodic,0.7363636363636363,110,0,198.01773533093333,0.5,1,final_fp32_res672_tok16_full_keep100_b1,qwen25vl3b_lora_r8_a16_target120
qwen25,43,v2_g2_A8_B4,2.0,Static,0.7363636363636363,110,0,172.0194,0.5,1,final_fp32_res672_tok16_full_keep100_b1,qwen25vl3b_lora_r8_a16_target120
qwen25,43,v2_g2_A8_B4,2.0,EWC,0.7363636363636363,110,0,376.49576422468425,0.5,1,final_fp32_res672_tok16_full_keep100_b1,qwen25vl3b_lora_r8_a16_target120
qwen25,43,v2_g2_A8_B4,2.0,SADA,0.7909090909090909,110,45,84.41626121578527,0.3221919162593453,1.0,final_fp4_res672_tok16_full_keep100_b1,qwen25vl3b_lora_r16_a32_profile80_target80
qwen25,43,v2_g3_A9_B5,2.0,NoRetrain,0.5,110,0,,1.0,1,final_fp32_res672_tok16_full_keep100_b1,
qwen25,43,v2_g3_A9_B5,2.0,Periodic,0.5,110,0,314.55293533093334,0.5,1,final_fp32_res672_tok16_full_keep100_b1,qwen25vl3b_lora_r8_a16_target120
qwen25,43,v2_g3_A9_B5,2.0,Static,0.5,110,0,288.5546,0.5,1,final_fp32_res672_tok16_full_keep100_b1,qwen25vl3b_lora_r8_a16_target120
qwen25,43,v2_g3_A9_B5,2.0,EWC,0.5,110,0,322.80521725392936,0.5,1,final_fp32_res672_tok16_full_keep100_b1,qwen25vl3b_lora_r8_a16_target120
qwen25,43,v2_g3_A9_B5,2.0,SADA,0.4727272727272727,110,0,,0.3221919162593453,1.0,final_fp4_res672_tok16_full_keep100_b1,
qwen25,43,v2_g5_A9_B7,2.0,NoRetrain,0.4818181818181818,110,0,,1.0,1,final_fp32_res672_tok16_full_keep100_b1,
qwen25,43,v2_g5_A9_B7,2.0,Periodic,0.4818181818181818,110,0,362.1483353309333,0.5,1,final_fp32_res672_tok16_full_keep100_b1,qwen25vl3b_lora_r8_a16_target120
qwen25,43,v2_g5_A9_B7,2.0,Static,0.4818181818181818,110,0,336.15,0.5,1,final_fp32_res672_tok16_full_keep100_b1,qwen25vl3b_lora_r8_a16_target120
qwen25,43,v2_g5_A9_B7,2.0,EWC,0.4818181818181818,110,0,315.96408507930636,0.5,1,final_fp32_res672_tok16_full_keep100_b1,qwen25vl3b_lora_r8_a16_target120
qwen25,43,v2_g5_A9_B7,2.0,SADA,0.4818181818181818,110,0,,0.5,1.0,final_fp32_res672_tok16_full_keep100_b1,
qwen25,43,v2_g0_A8_B1,4.0,NoRetrain,0.2545454545454545,110,0,,1.0,1,final_fp32_res672_tok16_full_keep100_b1,
qwen25,43,v2_g0_A8_B1,4.0,Periodic,0.1318181818181818,110,0,521.9331676654667,0.5,0.5,final_fp32_res672_tok16_full_keep100_b1,qwen25vl3b_lora_r8_a16_target120
qwen25,43,v2_g0_A8_B1,4.0,Static,0.1318181818181818,110,0,508.934,0.5,0.5,final_fp32_res672_tok16_full_keep100_b1,qwen25vl3b_lora_r8_a16_target120
qwen25,43,v2_g0_A8_B1,4.0,EWC,0.1318181818181818,110,0,981.6997776377857,0.5,0.5,final_fp32_res672_tok16_full_keep100_b1,qwen25vl3b_lora_r8_a16_target120
qwen25,43,v2_g0_A8_B1,4.0,SADA,0.2545454545454545,110,0,,0.6016453121570925,1.0,final_fp32_res672_tok16_uniform_token_keep75_b1,
qwen25,43,v2_g1_A9_B3,4.0,NoRetrain,0.12727272727272726,110,0,,1.0,1,final_fp32_res672_tok16_full_keep100_b1,
qwen25,43,v2_g1_A9_B3,4.0,Periodic,0.06818181818181818,110,0,524.9711676654666,0.5,0.5,final_fp32_res672_tok16_full_keep100_b1,qwen25vl3b_lora_r8_a16_target120
qwen25,43,v2_g1_A9_B3,4.0,Static,0.06818181818181818,110,0,511.972,0.5,0.5,final_fp32_res672_tok16_full_keep100_b1,qwen25vl3b_lora_r8_a16_target120
qwen25,43,v2_g1_A9_B3,4.0,EWC,0.06818181818181818,110,0,334.0986073614955,0.5,0.5,final_fp32_res672_tok16_full_keep100_b1,qwen25vl3b_lora_r8_a16_target120
qwen25,43,v2_g1_A9_B3,4.0,SADA,0.12727272727272726,110,0,,1.0,1.0,final_fp32_res672_tok16_full_keep100_b1,
qwen25,43,v2_g2_A8_B4,4.0,NoRetrain,0.7363636363636363,110,0,,1.0,1,final_fp32_res672_tok16_full_keep100_b1,
qwen25,43,v2_g2_A8_B4,4.0,Periodic,0.38181818181818183,110,0,185.01856766546666,0.5,0.5,final_fp32_res672_tok16_full_keep100_b1,qwen25vl3b_lora_r8_a16_target120
qwen25,43,v2_g2_A8_B4,4.0,Static,0.38181818181818183,110,0,172.0194,0.5,0.5,final_fp32_res672_tok16_full_keep100_b1,qwen25vl3b_lora_r8_a16_target120
qwen25,43,v2_g2_A8_B4,4.0,EWC,0.38181818181818183,110,0,376.49576422468425,0.5,0.5,final_fp32_res672_tok16_full_keep100_b1,qwen25vl3b_lora_r8_a16_target120
qwen25,43,v2_g2_A8_B4,4.0,SADA,0.7636363636363637,110,0,,0.6443838325186906,1.0,final_fp4_res672_tok16_full_keep100_b1,
qwen25,43,v2_g3_A9_B5,4.0,NoRetrain,0.5,110,0,,1.0,1,final_fp32_res672_tok16_full_keep100_b1,
qwen25,43,v2_g3_A9_B5,4.0,Periodic,0.2727272727272727,110,0,301.55376766546664,0.5,0.5,final_fp32_res672_tok16_full_keep100_b1,qwen25vl3b_lora_r8_a16_target120
qwen25,43,v2_g3_A9_B5,4.0,Static,0.2727272727272727,110,0,288.5546,0.5,0.5,final_fp32_res672_tok16_full_keep100_b1,qwen25vl3b_lora_r8_a16_target120
qwen25,43,v2_g3_A9_B5,4.0,EWC,0.2727272727272727,110,0,322.80521725392936,0.5,0.5,final_fp32_res672_tok16_full_keep100_b1,qwen25vl3b_lora_r8_a16_target120
qwen25,43,v2_g3_A9_B5,4.0,SADA,0.4727272727272727,110,0,,0.6443838325186906,1.0,final_fp4_res672_tok16_full_keep100_b1,
qwen25,43,v2_g5_A9_B7,4.0,NoRetrain,0.4818181818181818,110,0,,1.0,1,final_fp32_res672_tok16_full_keep100_b1,
qwen25,43,v2_g5_A9_B7,4.0,Periodic,0.2545454545454545,110,0,349.1491676654666,0.5,0.5,final_fp32_res672_tok16_full_keep100_b1,qwen25vl3b_lora_r8_a16_target120
qwen25,43,v2_g5_A9_B7,4.0,Static,0.2545454545454545,110,0,336.15,0.5,0.5,final_fp32_res672_tok16_full_keep100_b1,qwen25vl3b_lora_r8_a16_target120
qwen25,43,v2_g5_A9_B7,4.0,EWC,0.2545454545454545,110,0,315.96408507930636,0.5,0.5,final_fp32_res672_tok16_full_keep100_b1,qwen25vl3b_lora_r8_a16_target120
qwen25,43,v2_g5_A9_B7,4.0,SADA,0.4818181818181818,110,0,,1.0,1.0,final_fp32_res672_tok16_full_keep100_b1,
qwen25,44,v2_g0_A8_B1,0.1,NoRetrain,0.2545454545454545,110,0,,1.0,1,final_fp32_res672_tok16_full_keep100_b1,
qwen25,44,v2_g0_A8_B1,0.1,Periodic,0.33636363636363636,110,70,1018.2455066186667,0.5,1,final_fp32_res672_tok16_full_keep100_b1,qwen25vl3b_lora_r8_a16_target120
qwen25,44,v2_g0_A8_B1,0.1,Static,0.3,110,90,498.2788,0.5,1,final_fp32_res672_tok16_full_keep100_b1,qwen25vl3b_lora_r8_a16_target120
qwen25,44,v2_g0_A8_B1,0.1,EWC,0.32727272727272727,110,72,976.5772899517059,0.5,1,final_fp32_res672_tok16_full_keep100_b1,qwen25vl3b_lora_r8_a16_target120
qwen25,44,v2_g0_A8_B1,0.1,SADA,0.2727272727272727,110,76,865.1947862833414,0.015041132803927312,1.0,final_fp32_res672_tok16_uniform_token_keep75_b1,qwen25vl3b_lora_r8_a16_profile80_target320
qwen25,44,v2_g1_A9_B3,0.1,NoRetrain,0.12727272727272726,110,0,,1.0,1,final_fp32_res672_tok16_full_keep100_b1,
qwen25,44,v2_g1_A9_B3,0.1,Periodic,0.6545454545454545,110,70,1031.5453066186667,0.5,1,final_fp32_res672_tok16_full_keep100_b1,qwen25vl3b_lora_r8_a16_target120
qwen25,44,v2_g1_A9_B3,0.1,Static,0.8181818181818182,110,90,511.5786,0.5,1,final_fp32_res672_tok16_full_keep100_b1,qwen25vl3b_lora_r8_a16_target120
qwen25,44,v2_g1_A9_B3,0.1,EWC,0.8363636363636363,110,96,352.1308762951851,0.5,1,final_fp32_res672_tok16_full_keep100_b1,qwen25vl3b_lora_r8_a16_target120
qwen25,44,v2_g1_A9_B3,0.1,SADA,0.9181818181818182,110,103,172.83169230769232,0.025,1.0,final_fp32_res672_tok16_full_keep100_b1,qwen25vl3b_lora_r16_a32_profile80_target80
qwen25,44,v2_g2_A8_B4,0.1,NoRetrain,0.7363636363636363,110,0,,1.0,1,final_fp32_res672_tok16_full_keep100_b1,
qwen25,44,v2_g2_A8_B4,0.1,Periodic,0.8,110,83,693.5645066186667,0.5,1,final_fp32_res672_tok16_full_keep100_b1,qwen25vl3b_lora_r8_a16_target120
qwen25,44,v2_g2_A8_B4,0.1,Static,0.8181818181818182,110,103,173.5978,0.5,1,final_fp32_res672_tok16_full_keep100_b1,qwen25vl3b_lora_r8_a16_target120
qwen25,44,v2_g2_A8_B4,0.1,EWC,0.8090909090909091,110,94,390.555751890713,0.5,1,final_fp32_res672_tok16_full_keep100_b1,qwen25vl3b_lora_r8_a16_target120
qwen25,44,v2_g2_A8_B4,0.1,SADA,0.8272727272727273,110,101,229.37643283454585,0.016109595812967264,1.0,final_fp4_res672_tok16_full_keep100_b1,qwen25vl3b_lora_r16_a32_profile80_target320
qwen25,44,v2_g3_A9_B5,0.1,NoRetrain,0.5,110,0,,1.0,1,final_fp32_res672_tok16_full_keep100_b1,
qwen25,44,v2_g3_A9_B5,0.1,Periodic,0.5636363636363636,110,78,811.1045066186666,0.5,1,final_fp32_res672_tok16_full_keep100_b1,qwen25vl3b_lora_r8_a16_target120
qwen25,44,v2_g3_A9_B5,0.1,Static,0.5909090909090909,110,98,291.1378,0.5,1,final_fp32_res672_tok16_full_keep100_b1,qwen25vl3b_lora_r8_a16_target120
qwen25,44,v2_g3_A9_B5,0.1,EWC,0.4909090909090909,110,96,341.29007048884034,0.5,1,final_fp32_res672_tok16_full_keep100_b1,qwen25vl3b_lora_r8_a16_target120
qwen25,44,v2_g3_A9_B5,0.1,SADA,0.5636363636363636,110,79,798.3560647301956,0.016109595812967264,1.0,final_fp4_res672_tok16_full_keep100_b1,qwen25vl3b_lora_r16_a32_profile80_target640
qwen25,44,v2_g5_A9_B7,0.1,NoRetrain,0.4818181818181818,110,0,,1.0,1,final_fp32_res672_tok16_full_keep100_b1,
qwen25,44,v2_g5_A9_B7,0.1,Periodic,0.4727272727272727,110,77,855.4111066186666,0.5,1,final_fp32_res672_tok16_full_keep100_b1,qwen25vl3b_lora_r8_a16_target120
qwen25,44,v2_g5_A9_B7,0.1,Static,0.5454545454545454,110,97,335.4444,0.5,1,final_fp32_res672_tok16_full_keep100_b1,qwen25vl3b_lora_r8_a16_target120
qwen25,44,v2_g5_A9_B7,0.1,EWC,0.5363636363636364,110,97,326.599034932828,0.5,1,final_fp32_res672_tok16_full_keep100_b1,qwen25vl3b_lora_r8_a16_target120
qwen25,44,v2_g5_A9_B7,0.1,SADA,0.5363636363636364,110,92,455.5768205128205,0.025,1.0,final_fp32_res672_tok16_full_keep100_b1,qwen25vl3b_lora_r8_a16_profile80_target320
qwen25,44,v2_g0_A8_B1,0.25,NoRetrain,0.2545454545454545,110,0,,1.0,1,final_fp32_res672_tok16_full_keep100_b1,
qwen25,44,v2_g0_A8_B1,0.25,Periodic,0.3,110,42,706.2654826474667,0.5,1,final_fp32_res672_tok16_full_keep100_b1,qwen25vl3b_lora_r8_a16_target120
qwen25,44,v2_g0_A8_B1,0.25,Static,0.3090909090909091,110,62,498.2788,0.5,1,final_fp32_res672_tok16_full_keep100_b1,qwen25vl3b_lora_r8_a16_target120
qwen25,44,v2_g0_A8_B1,0.25,EWC,0.2636363636363636,110,16,976.5772899517059,0.5,1,final_fp32_res672_tok16_full_keep100_b1,qwen25vl3b_lora_r8_a16_target120
qwen25,44,v2_g0_A8_B1,0.25,SADA,0.2727272727272727,110,24,885.4074178994921,0.03760283200981828,1.0,final_fp32_res672_tok16_uniform_token_keep75_b1,qwen25vl3b_lora_r8_a16_profile80_target320
qwen25,44,v2_g1_A9_B3,0.25,NoRetrain,0.12727272727272726,110,0,,1.0,1,final_fp32_res672_tok16_full_keep100_b1,
qwen25,44,v2_g1_A9_B3,0.25,Periodic,0.4,110,40,719.5652826474667,0.5,1,final_fp32_res672_tok16_full_keep100_b1,qwen25vl3b_lora_r8_a16_target120
qwen25,44,v2_g1_A9_B3,0.25,Static,0.5636363636363636,110,60,511.5786,0.5,1,final_fp32_res672_tok16_full_keep100_b1,qwen25vl3b_lora_r8_a16_target120
qwen25,44,v2_g1_A9_B3,0.25,EWC,0.7090909090909091,110,76,352.1308762951851,0.5,1,final_fp32_res672_tok16_full_keep100_b1,qwen25vl3b_lora_r8_a16_target120
qwen25,44,v2_g1_A9_B3,0.25,SADA,0.8272727272727273,110,92,179.62496000000002,0.0625,1.0,final_fp32_res672_tok16_full_keep100_b1,qwen25vl3b_lora_r16_a32_profile80_target80
qwen25,44,v2_g2_A8_B4,0.25,NoRetrain,0.7363636363636363,110,0,,1.0,1,final_fp32_res672_tok16_full_keep100_b1,
qwen25,44,v2_g2_A8_B4,0.25,Periodic,0.7909090909090909,110,73,381.58448264746664,0.5,1,final_fp32_res672_tok16_full_keep100_b1,qwen25vl3b_lora_r8_a16_target120
qwen25,44,v2_g2_A8_B4,0.25,Static,0.8181818181818182,110,93,173.5978,0.5,1,final_fp32_res672_tok16_full_keep100_b1,qwen25vl3b_lora_r8_a16_target120
qwen25,44,v2_g2_A8_B4,0.25,EWC,0.7818181818181819,110,72,390.555751890713,0.5,1,final_fp32_res672_tok16_full_keep100_b1,qwen25vl3b_lora_r8_a16_target120
qwen25,44,v2_g2_A8_B4,0.25,SADA,0.8181818181818182,110,87,235.07623589516487,0.04027398953241816,1.0,final_fp4_res672_tok16_full_keep100_b1,qwen25vl3b_lora_r16_a32_profile80_target320
qwen25,44,v2_g3_A9_B5,0.25,NoRetrain,0.5,110,0,,1.0,1,final_fp32_res672_tok16_full_keep100_b1,
qwen25,44,v2_g3_A9_B5,0.25,Periodic,0.5181818181818182,110,62,499.1244826474667,0.5,1,final_fp32_res672_tok16_full_keep100_b1,qwen25vl3b_lora_r8_a16_target120
qwen25,44,v2_g3_A9_B5,0.25,Static,0.5818181818181818,110,82,291.1378,0.5,1,final_fp32_res672_tok16_full_keep100_b1,qwen25vl3b_lora_r8_a16_target120
qwen25,44,v2_g3_A9_B5,0.25,EWC,0.4727272727272727,110,77,341.29007048884034,0.5,1,final_fp32_res672_tok16_full_keep100_b1,qwen25vl3b_lora_r8_a16_target120
qwen25,44,v2_g3_A9_B5,0.25,SADA,0.509090909090909,110,70,410.69094067729924,0.04027398953241816,1.0,final_fp4_res672_tok16_full_keep100_b1,qwen25vl3b_lora_r16_a32_profile80_target320
qwen25,44,v2_g5_A9_B7,0.25,NoRetrain,0.4818181818181818,110,0,,1.0,1,final_fp32_res672_tok16_full_keep100_b1,
qwen25,44,v2_g5_A9_B7,0.25,Periodic,0.5,110,57,543.4310826474666,0.5,1,final_fp32_res672_tok16_full_keep100_b1,qwen25vl3b_lora_r8_a16_target120
qwen25,44,v2_g5_A9_B7,0.25,Static,0.4727272727272727,110,77,335.4444,0.5,1,final_fp32_res672_tok16_full_keep100_b1,qwen25vl3b_lora_r8_a16_target120
qwen25,44,v2_g5_A9_B7,0.25,EWC,0.4636363636363636,110,78,326.599034932828,0.5,1,final_fp32_res672_tok16_full_keep100_b1,qwen25vl3b_lora_r8_a16_target120
qwen25,44,v2_g5_A9_B7,0.25,SADA,0.4727272727272727,110,64,473.6798933333333,0.0625,1.0,final_fp32_res672_tok16_full_keep100_b1,qwen25vl3b_lora_r8_a16_profile80_target320
qwen25,44,v2_g0_A8_B1,0.5,NoRetrain,0.2545454545454545,110,0,,1.0,1,final_fp32_res672_tok16_full_keep100_b1,
qwen25,44,v2_g0_A8_B1,0.5,Periodic,0.2545454545454545,110,0,602.2721413237333,0.5,1,final_fp32_res672_tok16_full_keep100_b1,qwen25vl3b_lora_r8_a16_target120
qwen25,44,v2_g0_A8_B1,0.5,Static,0.2636363636363636,110,14,498.2788,0.5,1,final_fp32_res672_tok16_full_keep100_b1,qwen25vl3b_lora_r8_a16_target120
qwen25,44,v2_g0_A8_B1,0.5,EWC,0.2545454545454545,110,0,976.5772899517059,0.5,1,final_fp32_res672_tok16_full_keep100_b1,qwen25vl3b_lora_r8_a16_target120
qwen25,44,v2_g0_A8_B1,0.5,SADA,0.2909090909090909,110,47,322.88333891167065,0.07520566401963656,1.0,final_fp32_res672_tok16_uniform_token_keep75_b1,qwen25vl3b_lora_r32_a64_profile80_target80
qwen25,44,v2_g1_A9_B3,0.5,NoRetrain,0.12727272727272726,110,0,,1.0,1,final_fp32_res672_tok16_full_keep100_b1,
qwen25,44,v2_g1_A9_B3,0.5,Periodic,0.12727272727272726,110,0,615.5719413237333,0.5,1,final_fp32_res672_tok16_full_keep100_b1,qwen25vl3b_lora_r8_a16_target120
qwen25,44,v2_g1_A9_B3,0.5,Static,0.18181818181818182,110,11,511.5786,0.5,1,final_fp32_res672_tok16_full_keep100_b1,qwen25vl3b_lora_r8_a16_target120
qwen25,44,v2_g1_A9_B3,0.5,EWC,0.41818181818181815,110,42,352.1308762951851,0.5,1,final_fp32_res672_tok16_full_keep100_b1,qwen25vl3b_lora_r8_a16_target120
qwen25,44,v2_g1_A9_B3,0.5,SADA,0.7090909090909091,110,74,182.05159402221508,0.07520566401963656,1.0,final_fp32_res672_tok16_uniform_token_keep75_b1,qwen25vl3b_lora_r16_a32_profile80_target80
qwen25,44,v2_g2_A8_B4,0.5,NoRetrain,0.7363636363636363,110,0,,1.0,1,final_fp32_res672_tok16_full_keep100_b1,
qwen25,44,v2_g2_A8_B4,0.5,Periodic,0.7727272727272727,110,56,277.5911413237333,0.5,1,final_fp32_res672_tok16_full_keep100_b1,qwen25vl3b_lora_r8_a16_target120
qwen25,44,v2_g2_A8_B4,0.5,Static,0.8,110,76,173.5978,0.5,1,final_fp32_res672_tok16_full_keep100_b1,qwen25vl3b_lora_r8_a16_target120
qwen25,44,v2_g2_A8_B4,0.5,EWC,0.7545454545454545,110,34,390.555751890713,0.5,1,final_fp32_res672_tok16_full_keep100_b1,qwen25vl3b_lora_r8_a16_target120
qwen25,44,v2_g2_A8_B4,0.5,SADA,0.8090909090909091,110,62,245.24167757384924,0.08054797906483632,1.0,final_fp4_res672_tok16_full_keep100_b1,qwen25vl3b_lora_r16_a32_profile80_target320
qwen25,44,v2_g3_A9_B5,0.5,NoRetrain,0.5,110,0,,1.0,1,final_fp32_res672_tok16_full_keep100_b1,
qwen25,44,v2_g3_A9_B5,0.5,Periodic,0.5181818181818182,110,34,395.13114132373335,0.5,1,final_fp32_res672_tok16_full_keep100_b1,qwen25vl3b_lora_r8_a16_target120
qwen25,44,v2_g3_A9_B5,0.5,Static,0.5181818181818182,110,54,291.1378,0.5,1,final_fp32_res672_tok16_full_keep100_b1,qwen25vl3b_lora_r8_a16_target120
qwen25,44,v2_g3_A9_B5,0.5,EWC,0.4818181818181818,110,44,341.29007048884034,0.5,1,final_fp32_res672_tok16_full_keep100_b1,qwen25vl3b_lora_r8_a16_target120
qwen25,44,v2_g3_A9_B5,0.5,SADA,0.5272727272727272,110,88,109.38717167700668,0.08054797906483632,1.0,final_fp4_res672_tok16_full_keep100_b1,qwen25vl3b_lora_r16_a32_profile80_target80
qwen25,44,v2_g5_A9_B7,0.5,NoRetrain,0.4818181818181818,110,0,,1.0,1,final_fp32_res672_tok16_full_keep100_b1,
qwen25,44,v2_g5_A9_B7,0.5,Periodic,0.509090909090909,110,25,439.4377413237333,0.5,1,final_fp32_res672_tok16_full_keep100_b1,qwen25vl3b_lora_r8_a16_target120
qwen25,44,v2_g5_A9_B7,0.5,Static,0.5181818181818182,110,45,335.4444,0.5,1,final_fp32_res672_tok16_full_keep100_b1,qwen25vl3b_lora_r8_a16_target120
qwen25,44,v2_g5_A9_B7,0.5,EWC,0.4909090909090909,110,47,326.599034932828,0.5,1,final_fp32_res672_tok16_full_keep100_b1,qwen25vl3b_lora_r8_a16_target120
qwen25,44,v2_g5_A9_B7,0.5,SADA,0.5181818181818182,110,85,129.07497142857142,0.125,1.0,final_fp32_res672_tok16_full_keep100_b1,qwen25vl3b_lora_r8_a16_profile80_target80
qwen25,44,v2_g0_A8_B1,0.75,NoRetrain,0.2545454545454545,110,0,,1.0,1,final_fp32_res672_tok16_full_keep100_b1,
qwen25,44,v2_g0_A8_B1,0.75,Periodic,0.2545454545454545,110,0,567.6076942158222,0.5,1,final_fp32_res672_tok16_full_keep100_b1,qwen25vl3b_lora_r8_a16_target120
qwen25,44,v2_g0_A8_B1,0.75,Static,0.2545454545454545,110,0,498.2788,0.5,1,final_fp32_res672_tok16_full_keep100_b1,qwen25vl3b_lora_r8_a16_target120
qwen25,44,v2_g0_A8_B1,0.75,EWC,0.2545454545454545,110,0,976.5772899517059,0.5,1,final_fp32_res672_tok16_full_keep100_b1,qwen25vl3b_lora_r8_a16_target120
qwen25,44,v2_g0_A8_B1,0.75,SADA,0.2636363636363636,110,40,242.3018858384476,0.11280849602945484,1.0,final_fp32_res672_tok16_uniform_token_keep75_b1,qwen25vl3b_lora_r8_a16_profile80_target80
qwen25,44,v2_g1_A9_B3,0.75,NoRetrain,0.12727272727272726,110,0,,1.0,1,final_fp32_res672_tok16_full_keep100_b1,
qwen25,44,v2_g1_A9_B3,0.75,Periodic,0.12727272727272726,110,0,580.9074942158222,0.5,1,final_fp32_res672_tok16_full_keep100_b1,qwen25vl3b_lora_r8_a16_target120
qwen25,44,v2_g1_A9_B3,0.75,Static,0.12727272727272726,110,0,511.5786,0.5,1,final_fp32_res672_tok16_full_keep100_b1,qwen25vl3b_lora_r8_a16_target120
qwen25,44,v2_g1_A9_B3,0.75,EWC,0.16363636363636364,110,8,352.1308762951851,0.5,1,final_fp32_res672_tok16_full_keep100_b1,qwen25vl3b_lora_r8_a16_target120
qwen25,44,v2_g1_A9_B3,0.75,SADA,0.5363636363636364,110,55,189.6405384394861,0.11280849602945484,1.0,final_fp32_res672_tok16_uniform_token_keep75_b1,qwen25vl3b_lora_r16_a32_profile80_target80
qwen25,44,v2_g2_A8_B4,0.75,NoRetrain,0.7363636363636363,110,0,,1.0,1,final_fp32_res672_tok16_full_keep100_b1,
qwen25,44,v2_g2_A8_B4,0.75,Periodic,0.7636363636363637,110,39,242.92669421582224,0.5,1,final_fp32_res672_tok16_full_keep100_b1,qwen25vl3b_lora_r8_a16_target120
qwen25,44,v2_g2_A8_B4,0.75,Static,0.7818181818181819,110,59,173.5978,0.5,1,final_fp32_res672_tok16_full_keep100_b1,qwen25vl3b_lora_r8_a16_target120
qwen25,44,v2_g2_A8_B4,0.75,EWC,0.7363636363636363,110,0,390.555751890713,0.5,1,final_fp32_res672_tok16_full_keep100_b1,qwen25vl3b_lora_r8_a16_target120
qwen25,44,v2_g2_A8_B4,0.75,SADA,0.7818181818181819,110,90,66.33461257119637,0.12082196859725447,1.0,final_fp4_res672_tok16_full_keep100_b1,qwen25vl3b_lora_r16_a32_profile80_target80
qwen25,44,v2_g3_A9_B5,0.75,NoRetrain,0.5,110,0,,1.0,1,final_fp32_res672_tok16_full_keep100_b1,
qwen25,44,v2_g3_A9_B5,0.75,Periodic,0.5,110,6,360.46669421582226,0.5,1,final_fp32_res672_tok16_full_keep100_b1,qwen25vl3b_lora_r8_a16_target120
qwen25,44,v2_g3_A9_B5,0.75,Static,0.509090909090909,110,26,291.1378,0.5,1,final_fp32_res672_tok16_full_keep100_b1,qwen25vl3b_lora_r8_a16_target120
qwen25,44,v2_g3_A9_B5,0.75,EWC,0.4909090909090909,110,11,341.29007048884034,0.5,1,final_fp32_res672_tok16_full_keep100_b1,qwen25vl3b_lora_r8_a16_target120
qwen25,44,v2_g3_A9_B5,0.75,SADA,0.5,110,77,114.26062811638917,0.12082196859725447,1.0,final_fp4_res672_tok16_full_keep100_b1,qwen25vl3b_lora_r16_a32_profile80_target80
qwen25,44,v2_g5_A9_B7,0.75,NoRetrain,0.4818181818181818,110,0,,1.0,1,final_fp32_res672_tok16_full_keep100_b1,
qwen25,44,v2_g5_A9_B7,0.75,Periodic,0.4818181818181818,110,0,404.7732942158222,0.5,1,final_fp32_res672_tok16_full_keep100_b1,qwen25vl3b_lora_r8_a16_target120
qwen25,44,v2_g5_A9_B7,0.75,Static,0.4818181818181818,110,13,335.4444,0.5,1,final_fp32_res672_tok16_full_keep100_b1,qwen25vl3b_lora_r8_a16_target120
qwen25,44,v2_g5_A9_B7,0.75,EWC,0.4727272727272727,110,15,326.599034932828,0.5,1,final_fp32_res672_tok16_full_keep100_b1,qwen25vl3b_lora_r8_a16_target120
qwen25,44,v2_g5_A9_B7,0.75,SADA,0.509090909090909,110,69,138.77304615384617,0.1875,1.0,final_fp32_res672_tok16_full_keep100_b1,qwen25vl3b_lora_r8_a16_profile80_target80
qwen25,44,v2_g0_A8_B1,1.0,NoRetrain,0.2545454545454545,110,0,,1.0,1,final_fp32_res672_tok16_full_keep100_b1,
qwen25,44,v2_g0_A8_B1,1.0,Periodic,0.2545454545454545,110,0,550.2754706618666,0.5,1,final_fp32_res672_tok16_full_keep100_b1,qwen25vl3b_lora_r8_a16_target120
qwen25,44,v2_g0_A8_B1,1.0,Static,0.2545454545454545,110,0,498.2788,0.5,1,final_fp32_res672_tok16_full_keep100_b1,qwen25vl3b_lora_r8_a16_target120
qwen25,44,v2_g0_A8_B1,1.0,EWC,0.2545454545454545,110,0,976.5772899517059,0.5,1,final_fp32_res672_tok16_full_keep100_b1,qwen25vl3b_lora_r8_a16_target120
qwen25,44,v2_g0_A8_B1,1.0,SADA,0.2545454545454545,110,0,,0.15041132803927312,1.0,final_fp32_res672_tok16_uniform_token_keep75_b1,
qwen25,44,v2_g1_A9_B3,1.0,NoRetrain,0.12727272727272726,110,0,,1.0,1,final_fp32_res672_tok16_full_keep100_b1,
qwen25,44,v2_g1_A9_B3,1.0,Periodic,0.12727272727272726,110,0,563.5752706618666,0.5,1,final_fp32_res672_tok16_full_keep100_b1,qwen25vl3b_lora_r8_a16_target120
qwen25,44,v2_g1_A9_B3,1.0,Static,0.12727272727272726,110,0,511.5786,0.5,1,final_fp32_res672_tok16_full_keep100_b1,qwen25vl3b_lora_r8_a16_target120
qwen25,44,v2_g1_A9_B3,1.0,EWC,0.12727272727272726,110,0,352.1308762951851,0.5,1,final_fp32_res672_tok16_full_keep100_b1,qwen25vl3b_lora_r8_a16_target120
qwen25,44,v2_g1_A9_B3,1.0,SADA,0.35454545454545455,110,33,197.90125688452494,0.15041132803927312,1.0,final_fp32_res672_tok16_uniform_token_keep75_b1,qwen25vl3b_lora_r16_a32_profile80_target80
qwen25,44,v2_g2_A8_B4,1.0,NoRetrain,0.7363636363636363,110,0,,1.0,1,final_fp32_res672_tok16_full_keep100_b1,
qwen25,44,v2_g2_A8_B4,1.0,Periodic,0.7636363636363637,110,23,225.59447066186667,0.5,1,final_fp32_res672_tok16_full_keep100_b1,qwen25vl3b_lora_r8_a16_target120
qwen25,44,v2_g2_A8_B4,1.0,Static,0.7636363636363637,110,43,173.5978,0.5,1,final_fp32_res672_tok16_full_keep100_b1,qwen25vl3b_lora_r8_a16_target120
qwen25,44,v2_g2_A8_B4,1.0,EWC,0.7363636363636363,110,0,390.555751890713,0.5,1,final_fp32_res672_tok16_full_keep100_b1,qwen25vl3b_lora_r8_a16_target120
qwen25,44,v2_g2_A8_B4,1.0,SADA,0.8090909090909091,110,83,69.37517191579707,0.16109595812967265,1.0,final_fp4_res672_tok16_full_keep100_b1,qwen25vl3b_lora_r16_a32_profile80_target80
qwen25,44,v2_g3_A9_B5,1.0,NoRetrain,0.5,110,0,,1.0,1,final_fp32_res672_tok16_full_keep100_b1,
qwen25,44,v2_g3_A9_B5,1.0,Periodic,0.5,110,0,343.1344706618667,0.5,1,final_fp32_res672_tok16_full_keep100_b1,qwen25vl3b_lora_r8_a16_target120
qwen25,44,v2_g3_A9_B5,1.0,Static,0.5,110,0,291.1378,0.5,1,final_fp32_res672_tok16_full_keep100_b1,qwen25vl3b_lora_r8_a16_target120
qwen25,44,v2_g3_A9_B5,1.0,EWC,0.5,110,0,341.29007048884034,0.5,1,final_fp32_res672_tok16_full_keep100_b1,qwen25vl3b_lora_r8_a16_target120
qwen25,44,v2_g3_A9_B5,1.0,SADA,0.4727272727272727,110,63,119.60201300486771,0.16109595812967265,1.0,final_fp4_res672_tok16_full_keep100_b1,qwen25vl3b_lora_r16_a32_profile80_target80
qwen25,44,v2_g5_A9_B7,1.0,NoRetrain,0.4818181818181818,110,0,,1.0,1,final_fp32_res672_tok16_full_keep100_b1,
qwen25,44,v2_g5_A9_B7,1.0,Periodic,0.4818181818181818,110,0,387.44107066186666,0.5,1,final_fp32_res672_tok16_full_keep100_b1,qwen25vl3b_lora_r8_a16_target120
qwen25,44,v2_g5_A9_B7,1.0,Static,0.4818181818181818,110,0,335.4444,0.5,1,final_fp32_res672_tok16_full_keep100_b1,qwen25vl3b_lora_r8_a16_target120
qwen25,44,v2_g5_A9_B7,1.0,EWC,0.4818181818181818,110,0,326.599034932828,0.5,1,final_fp32_res672_tok16_full_keep100_b1,qwen25vl3b_lora_r8_a16_target120
qwen25,44,v2_g5_A9_B7,1.0,SADA,0.5272727272727272,110,52,150.08746666666667,0.25,1.0,final_fp32_res672_tok16_full_keep100_b1,qwen25vl3b_lora_r8_a16_profile80_target80
qwen25,44,v2_g0_A8_B1,2.0,NoRetrain,0.2545454545454545,110,0,,1.0,1,final_fp32_res672_tok16_full_keep100_b1,
qwen25,44,v2_g0_A8_B1,2.0,Periodic,0.2545454545454545,110,0,524.2771353309333,0.5,1,final_fp32_res672_tok16_full_keep100_b1,qwen25vl3b_lora_r8_a16_target120
qwen25,44,v2_g0_A8_B1,2.0,Static,0.2545454545454545,110,0,498.2788,0.5,1,final_fp32_res672_tok16_full_keep100_b1,qwen25vl3b_lora_r8_a16_target120
qwen25,44,v2_g0_A8_B1,2.0,EWC,0.2545454545454545,110,0,976.5772899517059,0.5,1,final_fp32_res672_tok16_full_keep100_b1,qwen25vl3b_lora_r8_a16_target120
qwen25,44,v2_g0_A8_B1,2.0,SADA,0.2545454545454545,110,0,,0.30082265607854625,1.0,final_fp32_res672_tok16_uniform_token_keep75_b1,
qwen25,44,v2_g1_A9_B3,2.0,NoRetrain,0.12727272727272726,110,0,,1.0,1,final_fp32_res672_tok16_full_keep100_b1,
qwen25,44,v2_g1_A9_B3,2.0,Periodic,0.12727272727272726,110,0,537.5769353309333,0.5,1,final_fp32_res672_tok16_full_keep100_b1,qwen25vl3b_lora_r8_a16_target120
qwen25,44,v2_g1_A9_B3,2.0,Static,0.12727272727272726,110,0,511.5786,0.5,1,final_fp32_res672_tok16_full_keep100_b1,qwen25vl3b_lora_r8_a16_target120
qwen25,44,v2_g1_A9_B3,2.0,EWC,0.12727272727272726,110,0,352.1308762951851,0.5,1,final_fp32_res672_tok16_full_keep100_b1,qwen25vl3b_lora_r8_a16_target120
qwen25,44,v2_g1_A9_B3,2.0,SADA,0.12727272727272726,110,0,,0.5,1.0,final_fp32_res672_tok16_full_keep100_b1,
qwen25,44,v2_g2_A8_B4,2.0,NoRetrain,0.7363636363636363,110,0,,1.0,1,final_fp32_res672_tok16_full_keep100_b1,
qwen25,44,v2_g2_A8_B4,2.0,Periodic,0.7363636363636363,110,0,199.59613533093335,0.5,1,final_fp32_res672_tok16_full_keep100_b1,qwen25vl3b_lora_r8_a16_target120
qwen25,44,v2_g2_A8_B4,2.0,Static,0.7363636363636363,110,0,173.5978,0.5,1,final_fp32_res672_tok16_full_keep100_b1,qwen25vl3b_lora_r8_a16_target120
qwen25,44,v2_g2_A8_B4,2.0,EWC,0.7363636363636363,110,0,390.555751890713,0.5,1,final_fp32_res672_tok16_full_keep100_b1,qwen25vl3b_lora_r8_a16_target120
qwen25,44,v2_g2_A8_B4,2.0,SADA,0.7909090909090909,110,44,85.1506873932554,0.3221919162593453,1.0,final_fp4_res672_tok16_full_keep100_b1,qwen25vl3b_lora_r16_a32_profile80_target80
qwen25,44,v2_g3_A9_B5,2.0,NoRetrain,0.5,110,0,,1.0,1,final_fp32_res672_tok16_full_keep100_b1,
qwen25,44,v2_g3_A9_B5,2.0,Periodic,0.5,110,0,317.13613533093337,0.5,1,final_fp32_res672_tok16_full_keep100_b1,qwen25vl3b_lora_r8_a16_target120
qwen25,44,v2_g3_A9_B5,2.0,Static,0.5,110,0,291.1378,0.5,1,final_fp32_res672_tok16_full_keep100_b1,qwen25vl3b_lora_r8_a16_target120
qwen25,44,v2_g3_A9_B5,2.0,EWC,0.5,110,0,341.29007048884034,0.5,1,final_fp32_res672_tok16_full_keep100_b1,qwen25vl3b_lora_r8_a16_target120
qwen25,44,v2_g3_A9_B5,2.0,SADA,0.4727272727272727,110,0,,0.3221919162593453,1.0,final_fp4_res672_tok16_full_keep100_b1,
qwen25,44,v2_g5_A9_B7,2.0,NoRetrain,0.4818181818181818,110,0,,1.0,1,final_fp32_res672_tok16_full_keep100_b1,
qwen25,44,v2_g5_A9_B7,2.0,Periodic,0.4818181818181818,110,0,361.4427353309333,0.5,1,final_fp32_res672_tok16_full_keep100_b1,qwen25vl3b_lora_r8_a16_target120
qwen25,44,v2_g5_A9_B7,2.0,Static,0.4818181818181818,110,0,335.4444,0.5,1,final_fp32_res672_tok16_full_keep100_b1,qwen25vl3b_lora_r8_a16_target120
qwen25,44,v2_g5_A9_B7,2.0,EWC,0.4818181818181818,110,0,326.599034932828,0.5,1,final_fp32_res672_tok16_full_keep100_b1,qwen25vl3b_lora_r8_a16_target120
qwen25,44,v2_g5_A9_B7,2.0,SADA,0.4818181818181818,110,0,,0.5,1.0,final_fp32_res672_tok16_full_keep100_b1,
qwen25,44,v2_g0_A8_B1,4.0,NoRetrain,0.2545454545454545,110,0,,1.0,1,final_fp32_res672_tok16_full_keep100_b1,
qwen25,44,v2_g0_A8_B1,4.0,Periodic,0.1318181818181818,110,0,511.27796766546663,0.5,0.5,final_fp32_res672_tok16_full_keep100_b1,qwen25vl3b_lora_r8_a16_target120
qwen25,44,v2_g0_A8_B1,4.0,Static,0.1318181818181818,110,0,498.2788,0.5,0.5,final_fp32_res672_tok16_full_keep100_b1,qwen25vl3b_lora_r8_a16_target120
qwen25,44,v2_g0_A8_B1,4.0,EWC,0.1318181818181818,110,0,976.5772899517059,0.5,0.5,final_fp32_res672_tok16_full_keep100_b1,qwen25vl3b_lora_r8_a16_target120
qwen25,44,v2_g0_A8_B1,4.0,SADA,0.2545454545454545,110,0,,0.6016453121570925,1.0,final_fp32_res672_tok16_uniform_token_keep75_b1,
qwen25,44,v2_g1_A9_B3,4.0,NoRetrain,0.12727272727272726,110,0,,1.0,1,final_fp32_res672_tok16_full_keep100_b1,
qwen25,44,v2_g1_A9_B3,4.0,Periodic,0.06818181818181818,110,0,524.5777676654667,0.5,0.5,final_fp32_res672_tok16_full_keep100_b1,qwen25vl3b_lora_r8_a16_target120
qwen25,44,v2_g1_A9_B3,4.0,Static,0.06818181818181818,110,0,511.5786,0.5,0.5,final_fp32_res672_tok16_full_keep100_b1,qwen25vl3b_lora_r8_a16_target120
qwen25,44,v2_g1_A9_B3,4.0,EWC,0.06818181818181818,110,0,352.1308762951851,0.5,0.5,final_fp32_res672_tok16_full_keep100_b1,qwen25vl3b_lora_r8_a16_target120
qwen25,44,v2_g1_A9_B3,4.0,SADA,0.12727272727272726,110,0,,1.0,1.0,final_fp32_res672_tok16_full_keep100_b1,
qwen25,44,v2_g2_A8_B4,4.0,NoRetrain,0.7363636363636363,110,0,,1.0,1,final_fp32_res672_tok16_full_keep100_b1,
qwen25,44,v2_g2_A8_B4,4.0,Periodic,0.38181818181818183,110,0,186.59696766546668,0.5,0.5,final_fp32_res672_tok16_full_keep100_b1,qwen25vl3b_lora_r8_a16_target120
qwen25,44,v2_g2_A8_B4,4.0,Static,0.38181818181818183,110,0,173.5978,0.5,0.5,final_fp32_res672_tok16_full_keep100_b1,qwen25vl3b_lora_r8_a16_target120
qwen25,44,v2_g2_A8_B4,4.0,EWC,0.38181818181818183,110,0,390.555751890713,0.5,0.5,final_fp32_res672_tok16_full_keep100_b1,qwen25vl3b_lora_r8_a16_target120
qwen25,44,v2_g2_A8_B4,4.0,SADA,0.7636363636363637,110,0,,0.6443838325186906,1.0,final_fp4_res672_tok16_full_keep100_b1,
qwen25,44,v2_g3_A9_B5,4.0,NoRetrain,0.5,110,0,,1.0,1,final_fp32_res672_tok16_full_keep100_b1,
qwen25,44,v2_g3_A9_B5,4.0,Periodic,0.2727272727272727,110,0,304.13696766546667,0.5,0.5,final_fp32_res672_tok16_full_keep100_b1,qwen25vl3b_lora_r8_a16_target120
qwen25,44,v2_g3_A9_B5,4.0,Static,0.2727272727272727,110,0,291.1378,0.5,0.5,final_fp32_res672_tok16_full_keep100_b1,qwen25vl3b_lora_r8_a16_target120
qwen25,44,v2_g3_A9_B5,4.0,EWC,0.2727272727272727,110,0,341.29007048884034,0.5,0.5,final_fp32_res672_tok16_full_keep100_b1,qwen25vl3b_lora_r8_a16_target120
qwen25,44,v2_g3_A9_B5,4.0,SADA,0.4727272727272727,110,0,,0.6443838325186906,1.0,final_fp4_res672_tok16_full_keep100_b1,
qwen25,44,v2_g5_A9_B7,4.0,NoRetrain,0.4818181818181818,110,0,,1.0,1,final_fp32_res672_tok16_full_keep100_b1,
qwen25,44,v2_g5_A9_B7,4.0,Periodic,0.2545454545454545,110,0,348.4435676654666,0.5,0.5,final_fp32_res672_tok16_full_keep100_b1,qwen25vl3b_lora_r8_a16_target120
qwen25,44,v2_g5_A9_B7,4.0,Static,0.2545454545454545,110,0,335.4444,0.5,0.5,final_fp32_res672_tok16_full_keep100_b1,qwen25vl3b_lora_r8_a16_target120
qwen25,44,v2_g5_A9_B7,4.0,EWC,0.2545454545454545,110,0,326.599034932828,0.5,0.5,final_fp32_res672_tok16_full_keep100_b1,qwen25vl3b_lora_r8_a16_target120
qwen25,44,v2_g5_A9_B7,4.0,SADA,0.4818181818181818,110,0,,1.0,1.0,final_fp32_res672_tok16_full_keep100_b1,
