模型,方法,负载倍数,均值,样本标准差,种子42,种子43,种子44
qwen25,NoRetrain,0.1,0.42,0.0,0.42,0.42,0.42
qwen25,NoRetrain,0.25,0.42,0.0,0.42,0.42,0.42
qwen25,NoRetrain,0.5,0.42,0.0,0.42,0.42,0.42
qwen25,NoRetrain,0.75,0.42,0.0,0.42,0.42,0.42
qwen25,NoRetrain,1.0,0.42,0.0,0.42,0.42,0.42
qwen25,NoRetrain,2.0,0.42,0.0,0.42,0.42,0.42
qwen25,NoRetrain,4.0,0.42,0.0,0.42,0.42,0.42
qwen25,Periodic,0.1,0.5563636363636364,0.012727272727272683,0.5418181818181819,0.5618181818181818,0.5654545454545454
qwen25,Periodic,0.25,0.4903030303030303,0.018392716249083042,0.4690909090909091,0.5,0.5018181818181818
qwen25,Periodic,0.5,0.4303030303030303,0.0063852446986986154,0.42363636363636364,0.4309090909090909,0.43636363636363634
qwen25,Periodic,0.75,0.42424242424242425,0.002099455524325925,0.4254545454545455,0.4218181818181818,0.4254545454545455
qwen25,Periodic,1.0,0.42303030303030303,0.0027773186030035572,0.42,0.42363636363636364,0.4254545454545455
qwen25,Periodic,2.0,0.42,0.0,0.42,0.42,0.42
qwen25,Periodic,4.0,0.22181818181818183,0.0,0.22181818181818183,0.22181818181818183,0.22181818181818183
qwen25,Static,0.1,0.6084848484848485,0.006385244698698618,0.6018181818181818,0.6090909090909091,0.6145454545454545
qwen25,Static,0.25,0.5309090909090909,0.028400907912387825,0.49818181818181817,0.5454545454545454,0.5490909090909091
qwen25,Static,0.5,0.44666666666666666,0.013767050535273384,0.4309090909090909,0.4527272727272727,0.45636363636363636
qwen25,Static,0.75,0.42727272727272725,0.003636363636363632,0.42363636363636364,0.42727272727272725,0.4309090909090909
qwen25,Static,1.0,0.42363636363636364,0.0018181818181818299,0.42363636363636364,0.4218181818181818,0.4254545454545455
qwen25,Static,2.0,0.42,0.0,0.42,0.42,0.42
qwen25,Static,4.0,0.22181818181818183,0.0,0.22181818181818183,0.22181818181818183,0.22181818181818183
qwen25,EWC,0.1,0.5975757575757575,0.004198911048651787,0.5927272727272728,0.6,0.6
qwen25,EWC,0.25,0.5375757575757576,0.0027773186030035572,0.5345454545454545,0.54,0.5381818181818182
qwen25,EWC,0.5,0.48,0.0018181818181818021,0.4781818181818182,0.4818181818181818,0.48
qwen25,EWC,0.75,0.4254545454545455,0.0018181818181818021,0.42727272727272725,0.4254545454545455,0.42363636363636364
qwen25,EWC,1.0,0.42,0.0,0.42,0.42,0.42
qwen25,EWC,2.0,0.42,0.0,0.42,0.42,0.42
qwen25,EWC,4.0,0.22181818181818183,0.0,0.22181818181818183,0.22181818181818183,0.22181818181818183
qwen25,SADA,0.1,0.6145454545454546,0.007925270806437576,0.6090909090909091,0.610909090909091,0.6236363636363637
qwen25,SADA,0.25,0.5757575757575758,0.003784847271756567,0.5745454545454546,0.5727272727272728,0.58
qwen25,SADA,0.5,0.5666666666666667,0.00584463682484419,0.5690909090909091,0.56,0.5709090909090909
qwen25,SADA,0.75,0.52,0.00833195580901061,0.5127272727272727,0.5290909090909091,0.5181818181818182
qwen25,SADA,1.0,0.48848484848484847,0.004575657233497424,0.4890909090909091,0.49272727272727274,0.48363636363636364
qwen25,SADA,2.0,0.4254545454545455,0.0,0.4254545454545455,0.4254545454545455,0.4254545454545455
qwen25,SADA,4.0,0.42,0.0,0.42,0.42,0.42
qwen35,NoRetrain,0.1,0.42528735632183906,0.0,0.42528735632183906,0.42528735632183906,0.42528735632183906
qwen35,NoRetrain,0.25,0.42528735632183906,0.0,0.42528735632183906,0.42528735632183906,0.42528735632183906
qwen35,NoRetrain,0.5,0.42528735632183906,0.0,0.42528735632183906,0.42528735632183906,0.42528735632183906
qwen35,NoRetrain,0.75,0.42528735632183906,0.0,0.42528735632183906,0.42528735632183906,0.42528735632183906
qwen35,NoRetrain,1.0,0.42528735632183906,0.0,0.42528735632183906,0.42528735632183906,0.42528735632183906
qwen35,NoRetrain,2.0,0.42528735632183906,0.0,0.42528735632183906,0.42528735632183906,0.42528735632183906
qwen35,NoRetrain,4.0,0.425287356321839,0.0,0.425287356321839,0.425287356321839,0.425287356321839
qwen35,Periodic,0.1,0.5632183908045977,0.0,0.5632183908045977,0.5632183908045977,0.5632183908045977
qwen35,Periodic,0.25,0.5325670498084292,0.013272419981370692,0.5402298850574713,0.5402298850574713,0.5172413793103449
qwen35,Periodic,0.5,0.4674329501915709,0.006636209990685346,0.45977011494252873,0.47126436781609193,0.47126436781609193
qwen35,Periodic,0.75,0.4482758620689655,0.019908629972056037,0.4367816091954023,0.4367816091954023,0.47126436781609193
qwen35,Periodic,1.0,0.42528735632183906,0.0,0.42528735632183906,0.42528735632183906,0.42528735632183906
qwen35,Periodic,2.0,0.42528735632183906,0.0,0.42528735632183906,0.42528735632183906,0.42528735632183906
qwen35,Periodic,4.0,0.29310344827586204,0.0,0.29310344827586204,0.29310344827586204,0.29310344827586204
qwen35,Static,0.1,0.5862068965517241,0.0,0.5862068965517241,0.5862068965517241,0.5862068965517241
qwen35,Static,0.25,0.5670498084291188,0.006636209990685346,0.5747126436781609,0.5632183908045977,0.5632183908045977
qwen35,Static,0.5,0.4942528735632184,0.0,0.4942528735632184,0.4942528735632184,0.4942528735632184
qwen35,Static,0.75,0.4636015325670498,0.006636209990685346,0.47126436781609193,0.45977011494252873,0.45977011494252873
qwen35,Static,1.0,0.42528735632183906,0.0,0.42528735632183906,0.42528735632183906,0.42528735632183906
qwen35,Static,2.0,0.42528735632183906,0.0,0.42528735632183906,0.42528735632183906,0.42528735632183906
qwen35,Static,4.0,0.29310344827586204,0.0,0.29310344827586204,0.29310344827586204,0.29310344827586204
qwen35,EWC,0.1,0.5325670498084292,0.017557761283355688,0.5172413793103449,0.5287356321839081,0.5517241379310345
qwen35,EWC,0.25,0.4559386973180077,0.006636209990685346,0.45977011494252873,0.45977011494252873,0.4482758620689655
qwen35,EWC,0.5,0.42528735632183906,0.0,0.42528735632183906,0.42528735632183906,0.42528735632183906
qwen35,EWC,0.75,0.42528735632183906,0.0,0.42528735632183906,0.42528735632183906,0.42528735632183906
qwen35,EWC,1.0,0.42528735632183906,0.0,0.42528735632183906,0.42528735632183906,0.42528735632183906
qwen35,EWC,2.0,0.42528735632183906,0.0,0.42528735632183906,0.42528735632183906,0.42528735632183906
qwen35,EWC,4.0,0.29310344827586204,0.0,0.29310344827586204,0.29310344827586204,0.29310344827586204
qwen35,SADA,0.1,0.582375478927203,0.006636209990685346,0.5862068965517241,0.5862068965517241,0.5747126436781609
qwen35,SADA,0.25,0.5593869731800766,0.006636209990685346,0.5632183908045977,0.5632183908045977,0.5517241379310345
qwen35,SADA,0.5,0.5478927203065134,0.006636209990685346,0.5517241379310345,0.5517241379310345,0.5402298850574713
qwen35,SADA,0.75,0.4942528735632184,0.0,0.4942528735632184,0.4942528735632184,0.4942528735632184
qwen35,SADA,1.0,0.4827586206896552,0.0,0.4827586206896552,0.4827586206896552,0.4827586206896552
qwen35,SADA,2.0,0.47126436781609193,0.0,0.47126436781609193,0.47126436781609193,0.47126436781609193
qwen35,SADA,4.0,0.4601342038138551,0.0,0.4601342038138551,0.4601342038138551,0.4601342038138551
remoteclip,NoRetrain,0.1,0.19607843137254902,0.0,0.19607843137254902,0.19607843137254902,0.19607843137254902
remoteclip,NoRetrain,0.25,0.19607843137254902,0.0,0.19607843137254902,0.19607843137254902,0.19607843137254902
remoteclip,NoRetrain,0.5,0.19607843137254902,0.0,0.19607843137254902,0.19607843137254902,0.19607843137254902
remoteclip,NoRetrain,0.75,0.19607843137254902,0.0,0.19607843137254902,0.19607843137254902,0.19607843137254902
remoteclip,NoRetrain,1.0,0.19607843137254902,0.0,0.19607843137254902,0.19607843137254902,0.19607843137254902
remoteclip,NoRetrain,2.0,0.19607843137254902,0.0,0.19607843137254902,0.19607843137254902,0.19607843137254902
remoteclip,NoRetrain,4.0,0.19607843137254902,0.0,0.19607843137254902,0.19607843137254902,0.19607843137254902
remoteclip,Periodic,0.1,0.43790849673202614,0.08163396076337776,0.4117647058823529,0.37254901960784315,0.5294117647058824
remoteclip,Periodic,0.25,0.43790849673202614,0.08163396076337776,0.4117647058823529,0.37254901960784315,0.5294117647058824
remoteclip,Periodic,0.5,0.43790849673202614,0.08163396076337776,0.4117647058823529,0.37254901960784315,0.5294117647058824
remoteclip,Periodic,0.75,0.42483660130718953,0.07924415459465449,0.4117647058823529,0.35294117647058826,0.5098039215686274
remoteclip,Periodic,1.0,0.42483660130718953,0.07924415459465449,0.4117647058823529,0.35294117647058826,0.5098039215686274
remoteclip,Periodic,2.0,0.40522875816993464,0.07924415459465452,0.39215686274509803,0.3333333333333333,0.49019607843137253
remoteclip,Periodic,4.0,0.19607843137254902,0.03534854191631362,0.18627450980392157,0.16666666666666666,0.23529411764705882
remoteclip,Static,0.1,0.49019607843137253,0.10375495337508196,0.45098039215686275,0.4117647058823529,0.6078431372549019
remoteclip,Static,0.25,0.49019607843137253,0.10375495337508196,0.45098039215686275,0.4117647058823529,0.6078431372549019
remoteclip,Static,0.5,0.49019607843137253,0.10375495337508196,0.45098039215686275,0.4117647058823529,0.6078431372549019
remoteclip,Static,0.75,0.47058823529411764,0.10375495337508199,0.43137254901960786,0.39215686274509803,0.5882352941176471
remoteclip,Static,1.0,0.47058823529411764,0.10375495337508199,0.43137254901960786,0.39215686274509803,0.5882352941176471
remoteclip,Static,2.0,0.46405228758169936,0.09266305149514917,0.43137254901960786,0.39215686274509803,0.5686274509803921
remoteclip,Static,4.0,0.21895424836601307,0.04081698038168888,0.20588235294117646,0.18627450980392157,0.2647058823529412
remoteclip,EWC,0.1,0.4771241830065359,0.12757660977740606,0.47058823529411764,0.35294117647058826,0.6078431372549019
remoteclip,EWC,0.25,0.4771241830065359,0.12757660977740606,0.47058823529411764,0.35294117647058826,0.6078431372549019
remoteclip,EWC,0.5,0.4771241830065359,0.12757660977740606,0.47058823529411764,0.35294117647058826,0.6078431372549019
remoteclip,EWC,0.75,0.46405228758169936,0.11819046614395506,0.45098039215686275,0.35294117647058826,0.5882352941176471
remoteclip,EWC,1.0,0.46405228758169936,0.11819046614395506,0.45098039215686275,0.35294117647058826,0.5882352941176471
remoteclip,EWC,2.0,0.46405228758169936,0.11819046614395506,0.45098039215686275,0.35294117647058826,0.5882352941176471
remoteclip,EWC,4.0,0.21895424836601307,0.05399578967927553,0.21568627450980393,0.16666666666666666,0.27450980392156865
remoteclip,SADA,0.1,0.7908496732026143,0.011320593513522098,0.7843137254901961,0.7843137254901961,0.803921568627451
remoteclip,SADA,0.25,0.7908496732026143,0.011320593513522098,0.7843137254901961,0.7843137254901961,0.803921568627451
remoteclip,SADA,0.5,0.7908496732026143,0.011320593513522098,0.7843137254901961,0.7843137254901961,0.803921568627451
remoteclip,SADA,0.75,0.7712418300653594,0.011320593513522098,0.7647058823529411,0.7647058823529411,0.7843137254901961
remoteclip,SADA,1.0,0.7712418300653594,0.011320593513522098,0.7647058823529411,0.7647058823529411,0.7843137254901961
remoteclip,SADA,2.0,0.7450980392156863,0.0,0.7450980392156863,0.7450980392156863,0.7450980392156863
remoteclip,SADA,4.0,0.5609874989343685,0.05613994869204133,0.5835294117647059,0.6023529411764705,0.497080143861929
resnet18,NoRetrain,0.1,0.27450980392156865,0.0,0.27450980392156865,0.27450980392156865,0.27450980392156865
resnet18,NoRetrain,0.25,0.27450980392156865,0.0,0.27450980392156865,0.27450980392156865,0.27450980392156865
resnet18,NoRetrain,0.5,0.27450980392156865,0.0,0.27450980392156865,0.27450980392156865,0.27450980392156865
resnet18,NoRetrain,0.75,0.27450980392156865,0.0,0.27450980392156865,0.27450980392156865,0.27450980392156865
resnet18,NoRetrain,1.0,0.27450980392156865,0.0,0.27450980392156865,0.27450980392156865,0.27450980392156865
resnet18,NoRetrain,2.0,0.20393864042788307,0.0,0.20393864042788307,0.20393864042788307,0.20393864042788307
resnet18,NoRetrain,4.0,0.10196932021394153,0.0,0.10196932021394153,0.10196932021394153,0.10196932021394153
resnet18,Periodic,0.1,0.35294117647058826,0.10188534162169866,0.29411764705882354,0.29411764705882354,0.47058823529411764
resnet18,Periodic,0.25,0.35294117647058826,0.10188534162169866,0.29411764705882354,0.29411764705882354,0.47058823529411764
resnet18,Periodic,0.5,0.3464052287581699,0.0905647481081766,0.29411764705882354,0.29411764705882354,0.45098039215686275
resnet18,Periodic,0.75,0.32389724314076296,0.10697204280706468,0.27210330271463395,0.25268057505483554,0.4469078516528194
resnet18,Periodic,1.0,0.25753625696978516,0.08410287782086039,0.2089794378202892,0.2089794378202892,0.35464989526877705
resnet18,Periodic,2.0,0.1311034117036391,0.025230863346258126,0.11653636595879031,0.11653636595879031,0.16023750319333668
resnet18,Periodic,4.0,0.08133267207540575,0.009164898632051964,0.08011875159666836,0.07283522872424394,0.09104403590530492
resnet18,Static,0.1,0.35947712418300654,0.11320593513522072,0.29411764705882354,0.29411764705882354,0.49019607843137253
resnet18,Static,0.25,0.35294117647058826,0.10188534162169866,0.29411764705882354,0.29411764705882354,0.47058823529411764
resnet18,Static,0.5,0.3464052287581699,0.10799157935855101,0.27450980392156865,0.29411764705882354,0.47058823529411764
resnet18,Static,0.75,0.35626845590709355,0.0958100404124552,0.2915260303744323,0.31094875803423067,0.46633057931261773
resnet18,Static,1.0,0.26724762079968434,0.07569259003877435,0.22354648356513798,0.22354648356513798,0.35464989526877705
resnet18,Static,2.0,0.13838693457606352,0.03784629501938721,0.11653636595879031,0.11653636595879031,0.1820880718106099
resnet18,Static,4.0,0.07769091063919353,0.011706625148560848,0.07283522872424394,0.06919346728803175,0.09104403590530492
resnet18,EWC,0.1,0.35294117647058826,0.10375495337508198,0.3137254901960784,0.27450980392156865,0.47058823529411764
resnet18,EWC,0.25,0.3464052287581699,0.09266305149514918,0.3137254901960784,0.27450980392156865,0.45098039215686275
resnet18,EWC,0.5,0.33986928104575165,0.09672319337874995,0.29411764705882354,0.27450980392156865,0.45098039215686275
resnet18,EWC,0.75,0.34979421335382743,0.0846617070769734,0.31094875803423067,0.2915260303744323,0.4469078516528194
resnet18,EWC,1.0,0.2623919388847347,0.06884117240934295,0.23811352930998675,0.2089794378202892,0.34008284952392825
resnet18,EWC,2.0,0.13838693457606352,0.03854078037777157,0.12381988883121471,0.10925284308636593,0.1820880718106099
resnet18,EWC,4.0,0.07647699016045614,0.013130557591270454,0.07283522872424394,0.06555170585181955,0.09104403590530492
resnet18,SADA,0.1,0.7581699346405228,0.011320593513522034,0.7647058823529411,0.7647058823529411,0.7450980392156863
resnet18,SADA,0.25,0.738562091503268,0.011320593513522098,0.7450980392156863,0.7450980392156863,0.7254901960784313
resnet18,SADA,0.5,0.7189542483660131,0.011320593513522034,0.7254901960784313,0.7254901960784313,0.7058823529411765
resnet18,SADA,0.75,0.6993464052287582,0.011320593513522098,0.7058823529411765,0.7058823529411765,0.6862745098039216
resnet18,SADA,1.0,0.6601307189542484,0.011320593513522034,0.6666666666666666,0.6666666666666666,0.6470588235294118
resnet18,SADA,2.0,0.34010607229497386,0.03082397746424462,0.3741781040872827,0.31415714027253494,0.33198297252510395
resnet18,SADA,4.0,0.14214429180702268,0.022805441995875864,0.1163138733555298,0.15949574906380173,0.15062325300173648
