模型,方法,0.1×,0.25×,0.5×,0.75×,1×,2×,4×
qwen25,NoRetrain,0.420 ± 0.000,0.420 ± 0.000,0.420 ± 0.000,0.420 ± 0.000,0.420 ± 0.000,0.420 ± 0.000,0.420 ± 0.000
qwen25,Periodic（20 样本）,0.556 ± 0.013,0.490 ± 0.018,0.430 ± 0.006,0.424 ± 0.002,0.423 ± 0.003,0.420 ± 0.000,0.222 ± 0.000
qwen25,Static（轻量）,0.608 ± 0.006,0.531 ± 0.028,0.447 ± 0.014,0.427 ± 0.004,0.424 ± 0.002,0.420 ± 0.000,0.222 ± 0.000
qwen25,EWC-LoRA（轻量）,0.598 ± 0.004,0.538 ± 0.003,0.480 ± 0.002,0.425 ± 0.002,0.420 ± 0.000,0.420 ± 0.000,0.222 ± 0.000
qwen25,SADA,0.615 ± 0.008,0.576 ± 0.004,0.567 ± 0.006,0.520 ± 0.008,0.488 ± 0.005,0.425 ± 0.000,0.420 ± 0.000
qwen35,NoRetrain,0.425 ± 0.000,0.425 ± 0.000,0.425 ± 0.000,0.425 ± 0.000,0.425 ± 0.000,0.425 ± 0.000,0.425 ± 0.000
qwen35,Periodic（5 样本）,0.563 ± 0.000,0.533 ± 0.013,0.467 ± 0.007,0.448 ± 0.020,0.425 ± 0.000,0.425 ± 0.000,0.293 ± 0.000
qwen35,Static,0.586 ± 0.000,0.567 ± 0.007,0.494 ± 0.000,0.464 ± 0.007,0.425 ± 0.000,0.425 ± 0.000,0.293 ± 0.000
qwen35,EWC-LoRA,0.533 ± 0.018,0.456 ± 0.007,0.425 ± 0.000,0.425 ± 0.000,0.425 ± 0.000,0.425 ± 0.000,0.293 ± 0.000
qwen35,SADA,0.582 ± 0.007,0.559 ± 0.007,0.548 ± 0.007,0.494 ± 0.000,0.483 ± 0.000,0.471 ± 0.000,0.460 ± 0.000
remoteclip,NoRetrain,0.196 ± 0.000,0.196 ± 0.000,0.196 ± 0.000,0.196 ± 0.000,0.196 ± 0.000,0.196 ± 0.000,0.196 ± 0.000
remoteclip,Periodic（5 样本）,0.438 ± 0.082,0.438 ± 0.082,0.438 ± 0.082,0.425 ± 0.079,0.425 ± 0.079,0.405 ± 0.079,0.196 ± 0.035
remoteclip,Static,0.490 ± 0.104,0.490 ± 0.104,0.490 ± 0.104,0.471 ± 0.104,0.471 ± 0.104,0.464 ± 0.093,0.219 ± 0.041
remoteclip,EWC,0.477 ± 0.128,0.477 ± 0.128,0.477 ± 0.128,0.464 ± 0.118,0.464 ± 0.118,0.464 ± 0.118,0.219 ± 0.054
remoteclip,SADA,0.791 ± 0.011,0.791 ± 0.011,0.791 ± 0.011,0.771 ± 0.011,0.771 ± 0.011,0.745 ± 0.000,0.561 ± 0.056
resnet18,NoRetrain,0.275 ± 0.000,0.275 ± 0.000,0.275 ± 0.000,0.275 ± 0.000,0.275 ± 0.000,0.204 ± 0.000,0.102 ± 0.000
resnet18,Periodic（5 样本）,0.353 ± 0.102,0.353 ± 0.102,0.346 ± 0.091,0.324 ± 0.107,0.258 ± 0.084,0.131 ± 0.025,0.081 ± 0.009
resnet18,Static,0.359 ± 0.113,0.353 ± 0.102,0.346 ± 0.108,0.356 ± 0.096,0.267 ± 0.076,0.138 ± 0.038,0.078 ± 0.012
resnet18,EWC,0.353 ± 0.104,0.346 ± 0.093,0.340 ± 0.097,0.350 ± 0.085,0.262 ± 0.069,0.138 ± 0.039,0.076 ± 0.013
resnet18,SADA,0.758 ± 0.011,0.739 ± 0.011,0.719 ± 0.011,0.699 ± 0.011,0.660 ± 0.011,0.340 ± 0.031,0.142 ± 0.023
