模型,方法,负载倍数,种子,窗口准确率
qwen25,NoRetrain,0.1,42,0.42
qwen25,NoRetrain,0.1,43,0.42
qwen25,NoRetrain,0.1,44,0.42
qwen25,NoRetrain,0.25,42,0.42
qwen25,NoRetrain,0.25,43,0.42
qwen25,NoRetrain,0.25,44,0.42
qwen25,NoRetrain,0.5,42,0.42
qwen25,NoRetrain,0.5,43,0.42
qwen25,NoRetrain,0.5,44,0.42
qwen25,NoRetrain,0.75,42,0.42
qwen25,NoRetrain,0.75,43,0.42
qwen25,NoRetrain,0.75,44,0.42
qwen25,NoRetrain,1.0,42,0.42
qwen25,NoRetrain,1.0,43,0.42
qwen25,NoRetrain,1.0,44,0.42
qwen25,NoRetrain,2.0,42,0.42
qwen25,NoRetrain,2.0,43,0.42
qwen25,NoRetrain,2.0,44,0.42
qwen25,NoRetrain,4.0,42,0.42
qwen25,NoRetrain,4.0,43,0.42
qwen25,NoRetrain,4.0,44,0.42
qwen25,Periodic,0.1,42,0.5418181818181819
qwen25,Periodic,0.1,43,0.5618181818181818
qwen25,Periodic,0.1,44,0.5654545454545454
qwen25,Periodic,0.25,42,0.4690909090909091
qwen25,Periodic,0.25,43,0.5
qwen25,Periodic,0.25,44,0.5018181818181818
qwen25,Periodic,0.5,42,0.42363636363636364
qwen25,Periodic,0.5,43,0.4309090909090909
qwen25,Periodic,0.5,44,0.43636363636363634
qwen25,Periodic,0.75,42,0.4254545454545455
qwen25,Periodic,0.75,43,0.4218181818181818
qwen25,Periodic,0.75,44,0.4254545454545455
qwen25,Periodic,1.0,42,0.42
qwen25,Periodic,1.0,43,0.42363636363636364
qwen25,Periodic,1.0,44,0.4254545454545455
qwen25,Periodic,2.0,42,0.42
qwen25,Periodic,2.0,43,0.42
qwen25,Periodic,2.0,44,0.42
qwen25,Periodic,4.0,42,0.22181818181818183
qwen25,Periodic,4.0,43,0.22181818181818183
qwen25,Periodic,4.0,44,0.22181818181818183
qwen25,Static,0.1,42,0.6018181818181818
qwen25,Static,0.1,43,0.6090909090909091
qwen25,Static,0.1,44,0.6145454545454545
qwen25,Static,0.25,42,0.49818181818181817
qwen25,Static,0.25,43,0.5454545454545454
qwen25,Static,0.25,44,0.5490909090909091
qwen25,Static,0.5,42,0.4309090909090909
qwen25,Static,0.5,43,0.4527272727272727
qwen25,Static,0.5,44,0.45636363636363636
qwen25,Static,0.75,42,0.42363636363636364
qwen25,Static,0.75,43,0.42727272727272725
qwen25,Static,0.75,44,0.4309090909090909
qwen25,Static,1.0,42,0.42363636363636364
qwen25,Static,1.0,43,0.4218181818181818
qwen25,Static,1.0,44,0.4254545454545455
qwen25,Static,2.0,42,0.42
qwen25,Static,2.0,43,0.42
qwen25,Static,2.0,44,0.42
qwen25,Static,4.0,42,0.22181818181818183
qwen25,Static,4.0,43,0.22181818181818183
qwen25,Static,4.0,44,0.22181818181818183
qwen25,EWC,0.1,42,0.5927272727272728
qwen25,EWC,0.1,43,0.6
qwen25,EWC,0.1,44,0.6
qwen25,EWC,0.25,42,0.5345454545454545
qwen25,EWC,0.25,43,0.54
qwen25,EWC,0.25,44,0.5381818181818182
qwen25,EWC,0.5,42,0.4781818181818182
qwen25,EWC,0.5,43,0.4818181818181818
qwen25,EWC,0.5,44,0.48
qwen25,EWC,0.75,42,0.42727272727272725
qwen25,EWC,0.75,43,0.4254545454545455
qwen25,EWC,0.75,44,0.42363636363636364
qwen25,EWC,1.0,42,0.42
qwen25,EWC,1.0,43,0.42
qwen25,EWC,1.0,44,0.42
qwen25,EWC,2.0,42,0.42
qwen25,EWC,2.0,43,0.42
qwen25,EWC,2.0,44,0.42
qwen25,EWC,4.0,42,0.22181818181818183
qwen25,EWC,4.0,43,0.22181818181818183
qwen25,EWC,4.0,44,0.22181818181818183
qwen25,SADA,0.1,42,0.6090909090909091
qwen25,SADA,0.1,43,0.610909090909091
qwen25,SADA,0.1,44,0.6236363636363637
qwen25,SADA,0.25,42,0.5745454545454546
qwen25,SADA,0.25,43,0.5727272727272728
qwen25,SADA,0.25,44,0.58
qwen25,SADA,0.5,42,0.5690909090909091
qwen25,SADA,0.5,43,0.56
qwen25,SADA,0.5,44,0.5709090909090909
qwen25,SADA,0.75,42,0.5127272727272727
qwen25,SADA,0.75,43,0.5290909090909091
qwen25,SADA,0.75,44,0.5181818181818182
qwen25,SADA,1.0,42,0.4890909090909091
qwen25,SADA,1.0,43,0.49272727272727274
qwen25,SADA,1.0,44,0.48363636363636364
qwen25,SADA,2.0,42,0.4254545454545455
qwen25,SADA,2.0,43,0.4254545454545455
qwen25,SADA,2.0,44,0.4254545454545455
qwen25,SADA,4.0,42,0.42
qwen25,SADA,4.0,43,0.42
qwen25,SADA,4.0,44,0.42
qwen35,NoRetrain,0.1,42,0.42528735632183906
qwen35,NoRetrain,0.1,43,0.42528735632183906
qwen35,NoRetrain,0.1,44,0.42528735632183906
qwen35,NoRetrain,0.25,42,0.42528735632183906
qwen35,NoRetrain,0.25,43,0.42528735632183906
qwen35,NoRetrain,0.25,44,0.42528735632183906
qwen35,NoRetrain,0.5,42,0.42528735632183906
qwen35,NoRetrain,0.5,43,0.42528735632183906
qwen35,NoRetrain,0.5,44,0.42528735632183906
qwen35,NoRetrain,0.75,42,0.42528735632183906
qwen35,NoRetrain,0.75,43,0.42528735632183906
qwen35,NoRetrain,0.75,44,0.42528735632183906
qwen35,NoRetrain,1.0,42,0.42528735632183906
qwen35,NoRetrain,1.0,43,0.42528735632183906
qwen35,NoRetrain,1.0,44,0.42528735632183906
qwen35,NoRetrain,2.0,42,0.42528735632183906
qwen35,NoRetrain,2.0,43,0.42528735632183906
qwen35,NoRetrain,2.0,44,0.42528735632183906
qwen35,NoRetrain,4.0,42,0.425287356321839
qwen35,NoRetrain,4.0,43,0.425287356321839
qwen35,NoRetrain,4.0,44,0.425287356321839
qwen35,Periodic,0.1,42,0.5632183908045977
qwen35,Periodic,0.1,43,0.5632183908045977
qwen35,Periodic,0.1,44,0.5632183908045977
qwen35,Periodic,0.25,42,0.5402298850574713
qwen35,Periodic,0.25,43,0.5402298850574713
qwen35,Periodic,0.25,44,0.5172413793103449
qwen35,Periodic,0.5,42,0.45977011494252873
qwen35,Periodic,0.5,43,0.47126436781609193
qwen35,Periodic,0.5,44,0.47126436781609193
qwen35,Periodic,0.75,42,0.4367816091954023
qwen35,Periodic,0.75,43,0.4367816091954023
qwen35,Periodic,0.75,44,0.47126436781609193
qwen35,Periodic,1.0,42,0.42528735632183906
qwen35,Periodic,1.0,43,0.42528735632183906
qwen35,Periodic,1.0,44,0.42528735632183906
qwen35,Periodic,2.0,42,0.42528735632183906
qwen35,Periodic,2.0,43,0.42528735632183906
qwen35,Periodic,2.0,44,0.42528735632183906
qwen35,Periodic,4.0,42,0.29310344827586204
qwen35,Periodic,4.0,43,0.29310344827586204
qwen35,Periodic,4.0,44,0.29310344827586204
qwen35,Static,0.1,42,0.5862068965517241
qwen35,Static,0.1,43,0.5862068965517241
qwen35,Static,0.1,44,0.5862068965517241
qwen35,Static,0.25,42,0.5747126436781609
qwen35,Static,0.25,43,0.5632183908045977
qwen35,Static,0.25,44,0.5632183908045977
qwen35,Static,0.5,42,0.4942528735632184
qwen35,Static,0.5,43,0.4942528735632184
qwen35,Static,0.5,44,0.4942528735632184
qwen35,Static,0.75,42,0.47126436781609193
qwen35,Static,0.75,43,0.45977011494252873
qwen35,Static,0.75,44,0.45977011494252873
qwen35,Static,1.0,42,0.42528735632183906
qwen35,Static,1.0,43,0.42528735632183906
qwen35,Static,1.0,44,0.42528735632183906
qwen35,Static,2.0,42,0.42528735632183906
qwen35,Static,2.0,43,0.42528735632183906
qwen35,Static,2.0,44,0.42528735632183906
qwen35,Static,4.0,42,0.29310344827586204
qwen35,Static,4.0,43,0.29310344827586204
qwen35,Static,4.0,44,0.29310344827586204
qwen35,EWC,0.1,42,0.5172413793103449
qwen35,EWC,0.1,43,0.5287356321839081
qwen35,EWC,0.1,44,0.5517241379310345
qwen35,EWC,0.25,42,0.45977011494252873
qwen35,EWC,0.25,43,0.45977011494252873
qwen35,EWC,0.25,44,0.4482758620689655
qwen35,EWC,0.5,42,0.42528735632183906
qwen35,EWC,0.5,43,0.42528735632183906
qwen35,EWC,0.5,44,0.42528735632183906
qwen35,EWC,0.75,42,0.42528735632183906
qwen35,EWC,0.75,43,0.42528735632183906
qwen35,EWC,0.75,44,0.42528735632183906
qwen35,EWC,1.0,42,0.42528735632183906
qwen35,EWC,1.0,43,0.42528735632183906
qwen35,EWC,1.0,44,0.42528735632183906
qwen35,EWC,2.0,42,0.42528735632183906
qwen35,EWC,2.0,43,0.42528735632183906
qwen35,EWC,2.0,44,0.42528735632183906
qwen35,EWC,4.0,42,0.29310344827586204
qwen35,EWC,4.0,43,0.29310344827586204
qwen35,EWC,4.0,44,0.29310344827586204
qwen35,SADA,0.1,42,0.5862068965517241
qwen35,SADA,0.1,43,0.5862068965517241
qwen35,SADA,0.1,44,0.5747126436781609
qwen35,SADA,0.25,42,0.5632183908045977
qwen35,SADA,0.25,43,0.5632183908045977
qwen35,SADA,0.25,44,0.5517241379310345
qwen35,SADA,0.5,42,0.5517241379310345
qwen35,SADA,0.5,43,0.5517241379310345
qwen35,SADA,0.5,44,0.5402298850574713
qwen35,SADA,0.75,42,0.4942528735632184
qwen35,SADA,0.75,43,0.4942528735632184
qwen35,SADA,0.75,44,0.4942528735632184
qwen35,SADA,1.0,42,0.4827586206896552
qwen35,SADA,1.0,43,0.4827586206896552
qwen35,SADA,1.0,44,0.4827586206896552
qwen35,SADA,2.0,42,0.47126436781609193
qwen35,SADA,2.0,43,0.47126436781609193
qwen35,SADA,2.0,44,0.47126436781609193
qwen35,SADA,4.0,42,0.4601342038138551
qwen35,SADA,4.0,43,0.4601342038138551
qwen35,SADA,4.0,44,0.4601342038138551
remoteclip,NoRetrain,0.1,42,0.19607843137254902
remoteclip,NoRetrain,0.1,43,0.19607843137254902
remoteclip,NoRetrain,0.1,44,0.19607843137254902
remoteclip,NoRetrain,0.25,42,0.19607843137254902
remoteclip,NoRetrain,0.25,43,0.19607843137254902
remoteclip,NoRetrain,0.25,44,0.19607843137254902
remoteclip,NoRetrain,0.5,42,0.19607843137254902
remoteclip,NoRetrain,0.5,43,0.19607843137254902
remoteclip,NoRetrain,0.5,44,0.19607843137254902
remoteclip,NoRetrain,0.75,42,0.19607843137254902
remoteclip,NoRetrain,0.75,43,0.19607843137254902
remoteclip,NoRetrain,0.75,44,0.19607843137254902
remoteclip,NoRetrain,1.0,42,0.19607843137254902
remoteclip,NoRetrain,1.0,43,0.19607843137254902
remoteclip,NoRetrain,1.0,44,0.19607843137254902
remoteclip,NoRetrain,2.0,42,0.19607843137254902
remoteclip,NoRetrain,2.0,43,0.19607843137254902
remoteclip,NoRetrain,2.0,44,0.19607843137254902
remoteclip,NoRetrain,4.0,42,0.19607843137254902
remoteclip,NoRetrain,4.0,43,0.19607843137254902
remoteclip,NoRetrain,4.0,44,0.19607843137254902
remoteclip,Periodic,0.1,42,0.4117647058823529
remoteclip,Periodic,0.1,43,0.37254901960784315
remoteclip,Periodic,0.1,44,0.5294117647058824
remoteclip,Periodic,0.25,42,0.4117647058823529
remoteclip,Periodic,0.25,43,0.37254901960784315
remoteclip,Periodic,0.25,44,0.5294117647058824
remoteclip,Periodic,0.5,42,0.4117647058823529
remoteclip,Periodic,0.5,43,0.37254901960784315
remoteclip,Periodic,0.5,44,0.5294117647058824
remoteclip,Periodic,0.75,42,0.4117647058823529
remoteclip,Periodic,0.75,43,0.35294117647058826
remoteclip,Periodic,0.75,44,0.5098039215686274
remoteclip,Periodic,1.0,42,0.4117647058823529
remoteclip,Periodic,1.0,43,0.35294117647058826
remoteclip,Periodic,1.0,44,0.5098039215686274
remoteclip,Periodic,2.0,42,0.39215686274509803
remoteclip,Periodic,2.0,43,0.3333333333333333
remoteclip,Periodic,2.0,44,0.49019607843137253
remoteclip,Periodic,4.0,42,0.18627450980392157
remoteclip,Periodic,4.0,43,0.16666666666666666
remoteclip,Periodic,4.0,44,0.23529411764705882
remoteclip,Static,0.1,42,0.45098039215686275
remoteclip,Static,0.1,43,0.4117647058823529
remoteclip,Static,0.1,44,0.6078431372549019
remoteclip,Static,0.25,42,0.45098039215686275
remoteclip,Static,0.25,43,0.4117647058823529
remoteclip,Static,0.25,44,0.6078431372549019
remoteclip,Static,0.5,42,0.45098039215686275
remoteclip,Static,0.5,43,0.4117647058823529
remoteclip,Static,0.5,44,0.6078431372549019
remoteclip,Static,0.75,42,0.43137254901960786
remoteclip,Static,0.75,43,0.39215686274509803
remoteclip,Static,0.75,44,0.5882352941176471
remoteclip,Static,1.0,42,0.43137254901960786
remoteclip,Static,1.0,43,0.39215686274509803
remoteclip,Static,1.0,44,0.5882352941176471
remoteclip,Static,2.0,42,0.43137254901960786
remoteclip,Static,2.0,43,0.39215686274509803
remoteclip,Static,2.0,44,0.5686274509803921
remoteclip,Static,4.0,42,0.20588235294117646
remoteclip,Static,4.0,43,0.18627450980392157
remoteclip,Static,4.0,44,0.2647058823529412
remoteclip,EWC,0.1,42,0.47058823529411764
remoteclip,EWC,0.1,43,0.35294117647058826
remoteclip,EWC,0.1,44,0.6078431372549019
remoteclip,EWC,0.25,42,0.47058823529411764
remoteclip,EWC,0.25,43,0.35294117647058826
remoteclip,EWC,0.25,44,0.6078431372549019
remoteclip,EWC,0.5,42,0.47058823529411764
remoteclip,EWC,0.5,43,0.35294117647058826
remoteclip,EWC,0.5,44,0.6078431372549019
remoteclip,EWC,0.75,42,0.45098039215686275
remoteclip,EWC,0.75,43,0.35294117647058826
remoteclip,EWC,0.75,44,0.5882352941176471
remoteclip,EWC,1.0,42,0.45098039215686275
remoteclip,EWC,1.0,43,0.35294117647058826
remoteclip,EWC,1.0,44,0.5882352941176471
remoteclip,EWC,2.0,42,0.45098039215686275
remoteclip,EWC,2.0,43,0.35294117647058826
remoteclip,EWC,2.0,44,0.5882352941176471
remoteclip,EWC,4.0,42,0.21568627450980393
remoteclip,EWC,4.0,43,0.16666666666666666
remoteclip,EWC,4.0,44,0.27450980392156865
remoteclip,SADA,0.1,42,0.7843137254901961
remoteclip,SADA,0.1,43,0.7843137254901961
remoteclip,SADA,0.1,44,0.803921568627451
remoteclip,SADA,0.25,42,0.7843137254901961
remoteclip,SADA,0.25,43,0.7843137254901961
remoteclip,SADA,0.25,44,0.803921568627451
remoteclip,SADA,0.5,42,0.7843137254901961
remoteclip,SADA,0.5,43,0.7843137254901961
remoteclip,SADA,0.5,44,0.803921568627451
remoteclip,SADA,0.75,42,0.7647058823529411
remoteclip,SADA,0.75,43,0.7647058823529411
remoteclip,SADA,0.75,44,0.7843137254901961
remoteclip,SADA,1.0,42,0.7647058823529411
remoteclip,SADA,1.0,43,0.7647058823529411
remoteclip,SADA,1.0,44,0.7843137254901961
remoteclip,SADA,2.0,42,0.7450980392156863
remoteclip,SADA,2.0,43,0.7450980392156863
remoteclip,SADA,2.0,44,0.7450980392156863
remoteclip,SADA,4.0,42,0.5835294117647059
remoteclip,SADA,4.0,43,0.6023529411764705
remoteclip,SADA,4.0,44,0.497080143861929
resnet18,NoRetrain,0.1,42,0.27450980392156865
resnet18,NoRetrain,0.1,43,0.27450980392156865
resnet18,NoRetrain,0.1,44,0.27450980392156865
resnet18,NoRetrain,0.25,42,0.27450980392156865
resnet18,NoRetrain,0.25,43,0.27450980392156865
resnet18,NoRetrain,0.25,44,0.27450980392156865
resnet18,NoRetrain,0.5,42,0.27450980392156865
resnet18,NoRetrain,0.5,43,0.27450980392156865
resnet18,NoRetrain,0.5,44,0.27450980392156865
resnet18,NoRetrain,0.75,42,0.27450980392156865
resnet18,NoRetrain,0.75,43,0.27450980392156865
resnet18,NoRetrain,0.75,44,0.27450980392156865
resnet18,NoRetrain,1.0,42,0.27450980392156865
resnet18,NoRetrain,1.0,43,0.27450980392156865
resnet18,NoRetrain,1.0,44,0.27450980392156865
resnet18,NoRetrain,2.0,42,0.20393864042788307
resnet18,NoRetrain,2.0,43,0.20393864042788307
resnet18,NoRetrain,2.0,44,0.20393864042788307
resnet18,NoRetrain,4.0,42,0.10196932021394153
resnet18,NoRetrain,4.0,43,0.10196932021394153
resnet18,NoRetrain,4.0,44,0.10196932021394153
resnet18,Periodic,0.1,42,0.29411764705882354
resnet18,Periodic,0.1,43,0.29411764705882354
resnet18,Periodic,0.1,44,0.47058823529411764
resnet18,Periodic,0.25,42,0.29411764705882354
resnet18,Periodic,0.25,43,0.29411764705882354
resnet18,Periodic,0.25,44,0.47058823529411764
resnet18,Periodic,0.5,42,0.29411764705882354
resnet18,Periodic,0.5,43,0.29411764705882354
resnet18,Periodic,0.5,44,0.45098039215686275
resnet18,Periodic,0.75,42,0.27210330271463395
resnet18,Periodic,0.75,43,0.25268057505483554
resnet18,Periodic,0.75,44,0.4469078516528194
resnet18,Periodic,1.0,42,0.2089794378202892
resnet18,Periodic,1.0,43,0.2089794378202892
resnet18,Periodic,1.0,44,0.35464989526877705
resnet18,Periodic,2.0,42,0.11653636595879031
resnet18,Periodic,2.0,43,0.11653636595879031
resnet18,Periodic,2.0,44,0.16023750319333668
resnet18,Periodic,4.0,42,0.08011875159666836
resnet18,Periodic,4.0,43,0.07283522872424394
resnet18,Periodic,4.0,44,0.09104403590530492
resnet18,Static,0.1,42,0.29411764705882354
resnet18,Static,0.1,43,0.29411764705882354
resnet18,Static,0.1,44,0.49019607843137253
resnet18,Static,0.25,42,0.29411764705882354
resnet18,Static,0.25,43,0.29411764705882354
resnet18,Static,0.25,44,0.47058823529411764
resnet18,Static,0.5,42,0.27450980392156865
resnet18,Static,0.5,43,0.29411764705882354
resnet18,Static,0.5,44,0.47058823529411764
resnet18,Static,0.75,42,0.2915260303744323
resnet18,Static,0.75,43,0.31094875803423067
resnet18,Static,0.75,44,0.46633057931261773
resnet18,Static,1.0,42,0.22354648356513798
resnet18,Static,1.0,43,0.22354648356513798
resnet18,Static,1.0,44,0.35464989526877705
resnet18,Static,2.0,42,0.11653636595879031
resnet18,Static,2.0,43,0.11653636595879031
resnet18,Static,2.0,44,0.1820880718106099
resnet18,Static,4.0,42,0.07283522872424394
resnet18,Static,4.0,43,0.06919346728803175
resnet18,Static,4.0,44,0.09104403590530492
resnet18,EWC,0.1,42,0.3137254901960784
resnet18,EWC,0.1,43,0.27450980392156865
resnet18,EWC,0.1,44,0.47058823529411764
resnet18,EWC,0.25,42,0.3137254901960784
resnet18,EWC,0.25,43,0.27450980392156865
resnet18,EWC,0.25,44,0.45098039215686275
resnet18,EWC,0.5,42,0.29411764705882354
resnet18,EWC,0.5,43,0.27450980392156865
resnet18,EWC,0.5,44,0.45098039215686275
resnet18,EWC,0.75,42,0.31094875803423067
resnet18,EWC,0.75,43,0.2915260303744323
resnet18,EWC,0.75,44,0.4469078516528194
resnet18,EWC,1.0,42,0.23811352930998675
resnet18,EWC,1.0,43,0.2089794378202892
resnet18,EWC,1.0,44,0.34008284952392825
resnet18,EWC,2.0,42,0.12381988883121471
resnet18,EWC,2.0,43,0.10925284308636593
resnet18,EWC,2.0,44,0.1820880718106099
resnet18,EWC,4.0,42,0.07283522872424394
resnet18,EWC,4.0,43,0.06555170585181955
resnet18,EWC,4.0,44,0.09104403590530492
resnet18,SADA,0.1,42,0.7647058823529411
resnet18,SADA,0.1,43,0.7647058823529411
resnet18,SADA,0.1,44,0.7450980392156863
resnet18,SADA,0.25,42,0.7450980392156863
resnet18,SADA,0.25,43,0.7450980392156863
resnet18,SADA,0.25,44,0.7254901960784313
resnet18,SADA,0.5,42,0.7254901960784313
resnet18,SADA,0.5,43,0.7254901960784313
resnet18,SADA,0.5,44,0.7058823529411765
resnet18,SADA,0.75,42,0.7058823529411765
resnet18,SADA,0.75,43,0.7058823529411765
resnet18,SADA,0.75,44,0.6862745098039216
resnet18,SADA,1.0,42,0.6666666666666666
resnet18,SADA,1.0,43,0.6666666666666666
resnet18,SADA,1.0,44,0.6470588235294118
resnet18,SADA,2.0,42,0.3741781040872827
resnet18,SADA,2.0,43,0.31415714027253494
resnet18,SADA,2.0,44,0.33198297252510395
resnet18,SADA,4.0,42,0.1163138733555298
resnet18,SADA,4.0,43,0.15949574906380173
resnet18,SADA,4.0,44,0.15062325300173648
